Idjugador,nombre,apellido,nickname,codigociudad,total-ganancias,juego,genero,Ciudad
3883,Peter,Rasmussen,dupreeh,DK,1822989.41,Counter-Strike: Global Offensive,First-Person Shooter,Denmark
3679,Andreas,Højsleth,Xyp9x,DK,1799288.57,Counter-Strike: Global Offensive,First-Person Shooter,Denmark
3885,Nicolai,Reedtz,dev1ce,DK,1787489.88,Counter-Strike: Global Offensive,First-Person Shooter,Denmark
3672,Lukas,Rossander,gla1ve,DK,1652350.75,Counter-Strike: Global Offensive,First-Person Shooter,Denmark
17800,Emil,Reif,Magisk,DK,1416448.64,Counter-Strike: Global Offensive,First-Person Shooter,Denmark
12183,Epitácio,de Melo,TACO,BR,1063858.27,Counter-Strike: Global Offensive,First-Person Shooter,Brazil
12169,Fernando,Alvarenga,fer,BR,1063038.92,Counter-Strike: Global Offensive,First-Person Shooter,Brazil
2455,Gabriel,Toledo,FalleN,BR,1059938.92,Counter-Strike: Global Offensive,First-Person Shooter,Brazil
12182,Marcelo,David,coldzera,BR,1021901.46,Counter-Strike: Global Offensive,First-Person Shooter,Brazil
2452,Finn,Andersen,karrigan,DK,964635.39,Counter-Strike: Global Offensive,First-Person Shooter,Denmark
3875,Jesper,Wecksell,JW,SE,897760.68,Counter-Strike: Global Offensive,First-Person Shooter,Sweden
5001,Olof,Kajbjer,olofmeister,SE,880011.52,Counter-Strike: Global Offensive,First-Person Shooter,Sweden
3878,Robin,Rönnquist,flusha,SE,877668.95,Counter-Strike: Global Offensive,First-Person Shooter,Sweden
5000,Freddy,Johansson,KRiMZ,SE,867823.34,Counter-Strike: Global Offensive,First-Person Shooter,Sweden
3888,Dan,Madesclaire,apEX,FR,814852.39,Counter-Strike: Global Offensive,First-Person Shooter,France
3290,Nathan,Schmitt,NBK,FR,805444.66,Counter-Strike: Global Offensive,First-Person Shooter,France
3882,Ladislav,Kovács,GuardiaN,SK,798520.8,Counter-Strike: Global Offensive,First-Person Shooter,Slovakia (Slovak Republic)
5483,Håvard,Nygaard,rain,NO,763799.57,Counter-Strike: Global Offensive,First-Person Shooter,Norway
5783,Nikola,Kovač,NiKo,BA,762802.56,Counter-Strike: Global Offensive,First-Person Shooter,Bosnia and Herzegovina
8168,Egor,Vasilyev,flamie,RU,732920.07,Counter-Strike: Global Offensive,First-Person Shooter,Russian Federation
8168,Egor,Vasilyev,flamie,RU,732920.07,Counter-Strike: Global Offensive,First-Person Shooter,Russian Federation
3289,Kenny,Schrub,kennyS,FR,713086.68,Counter-Strike: Global Offensive,First-Person Shooter,France
1511,Daniil,Teslenko,Zeus,UA,689568.7,Counter-Strike: Global Offensive,First-Person Shooter,Ukraine
8169,Alexander,Kostylev,s1mple,UA,677155.31,Counter-Strike: Global Offensive,First-Person Shooter,Ukraine
3881,Richard,Papillon,shox,FR,660640.55,Counter-Strike: Global Offensive,First-Person Shooter,France
4998,Janusz,Pogorzelski,snax,PL,653938.44,Counter-Strike: Global Offensive,First-Person Shooter,Poland
10736,Markus,Kjærbye,Kjaerbye,DK,617000.5,Counter-Strike: Global Offensive,First-Person Shooter,Denmark
1510,Ioann,Sukharev,Edward,UA,613854.6,Counter-Strike: Global Offensive,First-Person Shooter,Ukraine
1485,Filip,Kubski,neo,PL,606880.52,Counter-Strike: Global Offensive,First-Person Shooter,Poland
3951,Chris,de Jong,chrisJ,NL,596748.79,Counter-Strike: Global Offensive,First-Person Shooter,Netherlands
1484,Wiktor,Wojtas,TaZ,PL,591510.89,Counter-Strike: Global Offensive,First-Person Shooter,Poland
1488,Jarosław,Jarząbkowski,pashaBiceps,PL,577382.35,Counter-Strike: Global Offensive,First-Person Shooter,Poland
4997,Paweł,Bieliński,byali,PL,574103.56,Counter-Strike: Global Offensive,First-Person Shooter,Poland
1490,Patrik,Lindberg,f0rest,SE,547205.97,Counter-Strike: Global Offensive,First-Person Shooter,Sweden
16267,Denis,Sharipov,electroNic,RU,531541.99,Counter-Strike: Global Offensive,First-Person Shooter,Russian Federation
16267,Denis,Sharipov,electroNic,RU,531541.99,Counter-Strike: Global Offensive,First-Person Shooter,Russian Federation
1492,Christopher,Alesund,GeT_RiGhT,SE,517888.39,Counter-Strike: Global Offensive,First-Person Shooter,Sweden
2440,Richard,Landström,Xizt,SE,513805.74,Counter-Strike: Global Offensive,First-Person Shooter,Sweden
31594,Robin,Kool,ropz,EE,506010.74,Counter-Strike: Global Offensive,First-Person Shooter,Estonia
3293,Cédric,Guipouy,RpK,FR,498887.62,Counter-Strike: Global Offensive,First-Person Shooter,France
3889,Vincent,Schopenhauer,Happy,FR,485910.46,Counter-Strike: Global Offensive,First-Person Shooter,France
12859,Jonas,Olofsson,Lekr0,SE,464499.26,Counter-Strike: Global Offensive,First-Person Shooter,Sweden
28556,Maikil,Selim,Golden,SE,448642.48,Counter-Strike: Global Offensive,First-Person Shooter,Sweden
2450,Aleksi,Jalli,allu,FI,418492.59,Counter-Strike: Global Offensive,First-Person Shooter,Finland
4996,Renè,Borg,cajunb,DK,417465.86,Counter-Strike: Global Offensive,First-Person Shooter,Denmark
3676,Dauren,Kystaubayev,AdreN,KZ,414305.65,Counter-Strike: Global Offensive,First-Person Shooter,Kazakhstan
3676,Dauren,Kystaubayev,AdreN,KZ,414305.65,Counter-Strike: Global Offensive,First-Person Shooter,Kazakhstan
3287,Adam,Friberg,friberg,SE,407662.41,Counter-Strike: Global Offensive,First-Person Shooter,Sweden
18811,Kristian,Wienecke,k0nfig,DK,403005.81,Counter-Strike: Global Offensive,First-Person Shooter,Denmark
2456,Lincoln,Lau,fnx,BR,387551.81,Counter-Strike: Global Offensive,First-Person Shooter,Brazil
12179,Ricardo,Prass,boltz,BR,382208.97,Counter-Strike: Global Offensive,First-Person Shooter,Brazil
3998,Fabien,Fiey,KIOSHIMA,FR,378500.99,Counter-Strike: Global Offensive,First-Person Shooter,France
30622,Cvetelin,Nikolov,CeRq,BG,375765.04,Counter-Strike: Global Offensive,First-Person Shooter,Bulgaria
2494,Dennis,Edman,dennis,SE,361678.02,Counter-Strike: Global Offensive,First-Person Shooter,Sweden
3673,Mathias,Lauridsen,MSL,DK,349557.33,Counter-Strike: Global Offensive,First-Person Shooter,Denmark
4587,Denis,Kostin,seized,RU,339091.34,Counter-Strike: Global Offensive,First-Person Shooter,Russian Federation
4587,Denis,Kostin,seized,RU,339091.34,Counter-Strike: Global Offensive,First-Person Shooter,Russian Federation
5472,Tomáš,Šťastný,oskar,CZ,335508.19,Counter-Strike: Global Offensive,First-Person Shooter,Czech Republic
31001,Mathieu,Herbaut,ZywOo,FR,333711.15,Counter-Strike: Global Offensive,First-Person Shooter,France
5035,Philip,Aistrup,aizy,DK,332671.67,Counter-Strike: Global Offensive,First-Person Shooter,Denmark
5499,Miikka,Kemppi,suNny,FI,326080.0,Counter-Strike: Global Offensive,First-Person Shooter,Finland
17801,Valdemar,Vangså,Valde,DK,323423.04,Counter-Strike: Global Offensive,First-Person Shooter,Denmark
12173,João,Vasconcellos,felps,BR,323127.22,Counter-Strike: Global Offensive,First-Person Shooter,Brazil
1494,Mikhail,Stolyarov,Dosia,RU,307601.25,Counter-Strike: Global Offensive,First-Person Shooter,Russian Federation
1494,Mikhail,Stolyarov,Dosia,RU,307601.25,Counter-Strike: Global Offensive,First-Person Shooter,Russian Federation
13134,Can,Dörtkardes,XANTARES,TR,307129.97,Counter-Strike: Global Offensive,First-Person Shooter,Turkey
13134,Can,Dörtkardes,XANTARES,TR,307129.97,Counter-Strike: Global Offensive,First-Person Shooter,Turkey
9565,Alexandre,Pianaro,bodyy,FR,306178.43,Counter-Strike: Global Offensive,First-Person Shooter,France
5433,Martin,Styk,STYKO,SK,305655.12,Counter-Strike: Global Offensive,First-Person Shooter,Slovakia (Slovak Republic)
19595,Özgür,Eker,woxic,TR,302884.33,Counter-Strike: Global Offensive,First-Person Shooter,Turkey
19595,Özgür,Eker,woxic,TR,302884.33,Counter-Strike: Global Offensive,First-Person Shooter,Turkey
21291,Fredrik,Sterner,REZ,SE,284845.29,Counter-Strike: Global Offensive,First-Person Shooter,Sweden
20813,Aleksi,Virolainen,Aleksib,FI,276730.92,Counter-Strike: Global Offensive,First-Person Shooter,Finland
39608,Alexey,Golubev,Qikert,KZ,275404.13,Counter-Strike: Global Offensive,First-Person Shooter,Kazakhstan
39608,Alexey,Golubev,Qikert,KZ,275404.13,Counter-Strike: Global Offensive,First-Person Shooter,Kazakhstan
10191,Rustem,Tlepov,mou,KZ,273859.49,Counter-Strike: Global Offensive,First-Person Shooter,Kazakhstan
10191,Rustem,Tlepov,mou,KZ,273859.49,Counter-Strike: Global Offensive,First-Person Shooter,Kazakhstan
35378,Timur,Tulepov,Buster,KZ,273784.13,Counter-Strike: Global Offensive,First-Person Shooter,Kazakhstan
35378,Timur,Tulepov,Buster,KZ,273784.13,Counter-Strike: Global Offensive,First-Person Shooter,Kazakhstan
35077,Ali,Dzhami,Jame,RU,273117.72,Counter-Strike: Global Offensive,First-Person Shooter,Russian Federation
35077,Ali,Dzhami,Jame,RU,273117.72,Counter-Strike: Global Offensive,First-Person Shooter,Russian Federation
2529,Christophe,Xia,SIXER,FR,272602.0,Counter-Strike: Global Offensive,First-Person Shooter,France
25121,Abay,Khasenov,HObbit,KZ,269977.5,Counter-Strike: Global Offensive,First-Person Shooter,Kazakhstan
25121,Abay,Khasenov,HObbit,KZ,269977.5,Counter-Strike: Global Offensive,First-Person Shooter,Kazakhstan
3291,Edouard,Dubourdeaux,SmithZz,FR,269446.78,Counter-Strike: Global Offensive,First-Person Shooter,France
24832,David,Čerňanský,frozen,SK,265131.4,Counter-Strike: Global Offensive,First-Person Shooter,Slovakia (Slovak Republic)
38456,Valentin,Vasilev,poiz0n,BG,260987.54,Counter-Strike: Global Offensive,First-Person Shooter,Bulgaria
3576,Simon,Eliasson,twist,SE,260721.09,Counter-Strike: Global Offensive,First-Person Shooter,Sweden
12170,Henrique,Teles,hen1,BR,256374.45,Counter-Strike: Global Offensive,First-Person Shooter,Brazil
3678,Adil,Benrlitom,ScreaM,BE,249663.46,Counter-Strike: Global Offensive,First-Person Shooter,Belgium
7789,Oscar,Cañellas,mixwell,ES,247538.65,Counter-Strike: Global Offensive,First-Person Shooter,Spain
3952,Johannes,Wodarz,tabseN,DE,247248.57,Counter-Strike: Global Offensive,First-Person Shooter,Germany
10294,Alex,McMeekin,ALEX,GB,245208.72,Counter-Strike: Global Offensive,First-Person Shooter,United Kingdom of Great Britain & Northern Ireland
8968,Damian,Kisłowski,Furlan,PL,244070.27,Counter-Strike: Global Offensive,First-Person Shooter,Poland
12156,HaoWen,Xu,somebody,CN,242273.51,Counter-Strike: Global Offensive,First-Person Shooter,China
10134,Karol,Rodowicz,rallen,PL,234332.17,Counter-Strike: Global Offensive,First-Person Shooter,Poland
17622,Francois,Delaunay,Amanek,FR,233210.47,Counter-Strike: Global Offensive,First-Person Shooter,France
49029,Sanjar,Kuliev,SANJI,UZ,232167.42,Counter-Strike: Global Offensive,First-Person Shooter,Uzbekistan
3304,Johan,Sundstein,N0tail,DK,6952596.58,Dota 2,Multiplayer Online Battle Arena,Denmark
3822,Jesse,Vainikka,JerAx,FI,6470000.02,Dota 2,Multiplayer Online Battle Arena,Finland
30451,Anathan,Pham,ana,AU,6000411.96,Dota 2,Multiplayer Online Battle Arena,Australia
2811,Sébastien,Debs,Ceb,FR,5554297.41,Dota 2,Multiplayer Online Battle Arena,France
18897,Topias,Taavitsainen,Topson,FI,5470902.57,Dota 2,Multiplayer Online Battle Arena,Finland
3145,Kuro,Takhasomi,KuroKy,DE,5193382.81,Dota 2,Multiplayer Online Battle Arena,Germany
14671,Amer,Al-Barkawi,Miracle-,JO,4798043.68,Dota 2,Multiplayer Online Battle Arena,Jordan
12579,Ivan,Ivanov,MinD_ContRoL,BG,4579118.16,Dota 2,Multiplayer Online Battle Arena,Bulgaria
25335,Maroun,Merhej,GH,LB,4193412.69,Dota 2,Multiplayer Online Battle Arena,Lebanon
12133,Lasse,Urpalainen,Matumbaman,FI,3765369.04,Dota 2,Multiplayer Online Battle Arena,Finland
14196,Sumail,Hassan,SumaiL,PK,3608317.34,Dota 2,Multiplayer Online Battle Arena,Pakistan
10188,Lu,Yao,Somnus丶M,CN,2984982.14,Dota 2,Multiplayer Online Battle Arena,China
4033,Linsen,Xu,fy,CN,2894690.34,Dota 2,Multiplayer Online Battle Arena,China
2578,Clement,Ivanov,Puppey,EE,2864004.17,Dota 2,Multiplayer Online Battle Arena,Estonia
3524,Gustav,Magnusson,s4,SE,2545626.14,Dota 2,Multiplayer Online Battle Arena,Sweden
5195,Ludwig,Wåhlberg,Zai,SE,2504134.31,Dota 2,Multiplayer Online Battle Arena,Sweden
3305,Tal,Aizik,Fly,IL,2381155.91,Dota 2,Multiplayer Online Battle Arena,Israel
13080,Aliwi,Omar,w33,RO,2275625.58,Dota 2,Multiplayer Online Battle Arena,Romania
26665,Chunyu,Wang,Ame,CN,2244012.27,Dota 2,Multiplayer Online Battle Arena,China
10712,Zhang,Yiping,y`,CN,2097095.28,Dota 2,Multiplayer Online Battle Arena,China
26513,Zhang,Ruida,Faith_bian,CN,2078534.86,Dota 2,Multiplayer Online Battle Arena,China
9515,Andreas,Nielsen,Cr1t,DK,2007841.6,Dota 2,Multiplayer Online Battle Arena,Denmark
14238,Peng,Li,iceice,CN,2002159.51,Dota 2,Multiplayer Online Battle Arena,China
26512,Chu,Zeyu,Shadow,CN,1982225.7,Dota 2,Multiplayer Online Battle Arena,China
10711,Zhou,Yang,bLink,CN,1960956.47,Dota 2,Multiplayer Online Battle Arena,China
22207,Jianwei,Yap,xNova,MY,1882492.98,Dota 2,Multiplayer Online Battle Arena,Malaysia
33561,Shenyi,Yang,Chalice,CN,1848849.88,Dota 2,Multiplayer Online Battle Arena,China
2596,Ning,Zhang,xiao8,CN,1830094.33,Dota 2,Multiplayer Online Battle Arena,China
15530,Damien,Chok,kpii,AU,1809225.3,Dota 2,Multiplayer Online Battle Arena,Australia
16814,Roman,Kushnarev,RAMZES666,RU,1787796.92,Dota 2,Multiplayer Online Battle Arena,Russian Federation
16814,Roman,Kushnarev,RAMZES666,RU,1787796.92,Dota 2,Multiplayer Online Battle Arena,Russian Federation
10080,Liangzhi,Hu,KaKa,CN,1787083.53,Dota 2,Multiplayer Online Battle Arena,China
27134,Yeik Nai,Zheng,MidOne,MY,1781891.47,Dota 2,Multiplayer Online Battle Arena,Malaysia
3773,Alexei,Berezin,Solo,RU,1778125.61,Dota 2,Multiplayer Online Battle Arena,Russian Federation
3773,Alexei,Berezin,Solo,RU,1778125.61,Dota 2,Multiplayer Online Battle Arena,Russian Federation
3146,Zhihao,Chen,Hao,CN,1755205.74,Dota 2,Multiplayer Online Battle Arena,China
3168,Hongda,Zeng,Faith,CN,1745944.26,Dota 2,Multiplayer Online Battle Arena,China
13322,Pavel,Khvastunov,9pasha,RU,1713179.57,Dota 2,Multiplayer Online Battle Arena,Russian Federation
13322,Pavel,Khvastunov,9pasha,RU,1713179.57,Dota 2,Multiplayer Online Battle Arena,Russian Federation
13323,Vladimir,Minenko,Noone,UA,1617323.45,Dota 2,Multiplayer Online Battle Arena,Ukraine
3161,Junhao,Xie,Super,CN,1598492.49,Dota 2,Multiplayer Online Battle Arena,China
1949,Daryl Pei Xiang,Koh,iceiceice,SG,1553261.96,Dota 2,Multiplayer Online Battle Arena,Singapore
14672,Yazied,Jaradat,YapzOr,JO,1533698.67,Dota 2,Multiplayer Online Battle Arena,Jordan
2589,Rasmus,Fillipsen,MiSeRy,DK,1484921.92,Dota 2,Multiplayer Online Battle Arena,Denmark
3946,Roman,Fominok,Resolut1on,UA,1460470.75,Dota 2,Multiplayer Online Battle Arena,Ukraine
4030,Chao,Lu,Fenrir,CN,1402208.92,Dota 2,Multiplayer Online Battle Arena,China
3147,Pan,Zhang,Mu,CN,1386339.43,Dota 2,Multiplayer Online Battle Arena,China
2582,Zhicheng,Zhang,LaNm,CN,1348804.67,Dota 2,Multiplayer Online Battle Arena,China
2598,Fa Ming,Liang,DDC,MO,1337308.37,Dota 2,Multiplayer Online Battle Arena,Macao
28142,Vladimir,Nikogosyan,RodjER,RU,1325834.13,Dota 2,Multiplayer Online Battle Arena,Russian Federation
28142,Vladimir,Nikogosyan,RodjER,RU,1325834.13,Dota 2,Multiplayer Online Battle Arena,Russian Federation
3690,Adrian,Trinks,FATA,DE,1314968.82,Dota 2,Multiplayer Online Battle Arena,Germany
19382,Chun,Song,Sccc,CN,1272450.74,Dota 2,Multiplayer Online Battle Arena,China
3813,Wang,Jiao,Banana,CN,1271085.0,Dota 2,Multiplayer Online Battle Arena,China
10722,Xu,Han,Moogy,CN,1221917.1,Dota 2,Multiplayer Online Battle Arena,China
3163,Jiajun,Liu,Sylar,CN,1212757.14,Dota 2,Multiplayer Online Battle Arena,China
21950,Ren,Yangwei,eLeVeN,CN,1211710.47,Dota 2,Multiplayer Online Battle Arena,China
2594,Zhaohui,Wang,SanSheng,CN,1202225.88,Dota 2,Multiplayer Online Battle Arena,China
3164,Zhengzheng,Yao,Yao,CN,1186002.61,Dota 2,Multiplayer Online Battle Arena,China
2581,Zengrong,Lei,MMY!,CN,1100271.44,Dota 2,Multiplayer Online Battle Arena,China
12671,Bin,Fu,Q,CN,1081544.74,Dota 2,Multiplayer Online Battle Arena,China
19074,Martin,Sazdov,Saksa,MK,1046689.75,Dota 2,Multiplayer Online Battle Arena,Macedonia
3151,Yee Fung,Chai,Mushi,MY,1023582.18,Dota 2,Multiplayer Online Battle Arena,Malaysia
30684,Chengjun,Zhang,Paparazi,CN,1001723.8,Dota 2,Multiplayer Online Battle Arena,China
4027,Johan,Åström,pieliedie,SE,989390.86,Dota 2,Multiplayer Online Battle Arena,Sweden
17765,Michał,Jankowski,Nisha,PL,933853.71,Dota 2,Multiplayer Online Battle Arena,Poland
11722,Ilya,Ilyuk,Lil,UA,917449.86,Dota 2,Multiplayer Online Battle Arena,Ukraine
12672,Zheng,Sun,Agressif,CN,871452.21,Dota 2,Multiplayer Online Battle Arena,China
3157,Zhilei,Xu,BurNIng,CN,865656.21,Dota 2,Multiplayer Online Battle Arena,China
28739,Jiaoyang,Zeng,Ori,CN,830696.89,Dota 2,Multiplayer Online Battle Arena,China
17872,Haiyang,Zhou,Yang,CN,821961.68,Dota 2,Multiplayer Online Battle Arena,China
30452,Peng,Du,Monet,CN,813169.73,Dota 2,Multiplayer Online Battle Arena,China
2574,Danil,Ishutin,Dendi,UA,801915.23,Dota 2,Multiplayer Online Battle Arena,Ukraine
5221,Djardel Jicko,Mampusti,DJ,PH,798597.31,Dota 2,Multiplayer Online Battle Arena,Philippines
12784,Tue Soon,Chuan,Ah-fu,MY,781396.55,Dota 2,Multiplayer Online Battle Arena,Malaysia
3160,Fan,Bai,rOtK,CN,780761.31,Dota 2,Multiplayer Online Battle Arena,China
30782,Timothy,Randrup,Tims,PH,770563.75,Dota 2,Multiplayer Online Battle Arena,Philippines
9514,Marcus,Hoelgaard,Ace,DK,734369.52,Dota 2,Multiplayer Online Battle Arena,Denmark
3167,Hock Chuan,Wong,ChuaN,MY,714049.53,Dota 2,Multiplayer Online Battle Arena,Malaysia
17200,Kuku,Palad,KuKU,PH,710464.63,Dota 2,Multiplayer Online Battle Arena,Philippines
10718,Xinzhou,Liu,garder,CN,705536.2,Dota 2,Multiplayer Online Battle Arena,China
3141,Jonathan,Berg,Loda,SE,698363.52,Dota 2,Multiplayer Online Battle Arena,Sweden
11868,Zezhi,Chen,Xz,CN,692327.42,Dota 2,Multiplayer Online Battle Arena,China
3724,Jerry,Lundqvist,EGM,SE,679039.12,Dota 2,Multiplayer Online Battle Arena,Sweden
2576,Oleksandr,Dashkevych,XBOCT,UA,661271.48,Dota 2,Multiplayer Online Battle Arena,Ukraine
15754,Jiwei,Huang,Shiki,CN,653514.33,Dota 2,Multiplayer Online Battle Arena,China
3140,Joakim,Akterhall,Akke,SE,643143.08,Dota 2,Multiplayer Online Battle Arena,Sweden
30686,Pan,Yi,Fade,CN,641178.98,Dota 2,Multiplayer Online Battle Arena,China
3523,Henrik,Ahnberg,AdmiralBulldog,SE,638938.79,Dota 2,Multiplayer Online Battle Arena,Sweden
27814,Marc Polo,Luis Fausto,Raven,PH,609393.1,Dota 2,Multiplayer Online Battle Arena,Philippines
4885,Yong Min,Kim,Febby,KR,602221.88,Dota 2,Multiplayer Online Battle Arena,Korea
10074,Yongzheng,He,Inflame,CN,601854.15,Dota 2,Multiplayer Online Battle Arena,China
44114,Cong,Ding,Dy,CN,594922.51,Dota 2,Multiplayer Online Battle Arena,China
4888,Sunyeob,Kim,QO,KR,591322.79,Dota 2,Multiplayer Online Battle Arena,Korea
3586,Artem,Barshack,fng,BY,591271.39,Dota 2,Multiplayer Online Battle Arena,Belarus
4883,Noah,Pyo,MP,KR,591176.77,Dota 2,Multiplayer Online Battle Arena,Korea
3832,Sang Hyeok,Lee,Faker,KR,1257615.87,League of Legends,Multiplayer Online Battle Arena,Korea
6466,Ho Seong,Lee,Duke,KR,954620.62,League of Legends,Multiplayer Online Battle Arena,Korea
3636,Jun Sik,Bae,Bang,KR,915451.46,League of Legends,Multiplayer Online Battle Arena,Korea
3836,Jae Wan,Lee,Wolf,KR,913084.7,League of Legends,Multiplayer Online Battle Arena,Korea
3831,Seong Ung,Bae,Bengi,KR,810683.0,League of Legends,Multiplayer Online Battle Arena,Korea
34362,Wen Bo,Yu,JackeyLove,CN,682248.64,League of Legends,Multiplayer Online Battle Arena,China
6013,Eui Jin,Song,Rookie,KR,610445.7,League of Legends,Multiplayer Online Battle Arena,Korea
28734,Zhen Ning,Gao,Ning,CN,566607.87,League of Legends,Multiplayer Online Battle Arena,China
18904,Sun Gu,Kang,Blank,KR,559518.75,League of Legends,Multiplayer Online Battle Arena,Korea
10925,Jo,Yong-in,CoreJJ,KR,556087.84,League of Legends,Multiplayer Online Battle Arena,Korea
2749,Chan Yong,Kang,Ambition,KR,553234.2,League of Legends,Multiplayer Online Battle Arena,Korea
34363,Liu Yi,Wang,Baolan,CN,548235.82,League of Legends,Multiplayer Online Battle Arena,China
4038,Zihao,Jian,Uzi,CN,545447.56,League of Legends,Multiplayer Online Battle Arena,China
11154,Hau Hsuan,Hung,Karsa,TW,538926.12,League of Legends,Multiplayer Online Battle Arena,Taiwan
39166,Dong Geun,Kang,TheShy,KR,538444.86,League of Legends,Multiplayer Online Battle Arena,Korea
3830,Se Hyeong,Cho,Mata,KR,533979.52,League of Legends,Multiplayer Online Battle Arena,Korea
28954,Jae Hyuk,Park,Ruler,KR,526957.64,League of Legends,Multiplayer Online Battle Arena,Korea
2762,Jung,Eon-yeong,Impact,KR,515306.14,League of Legends,Multiplayer Online Battle Arena,Korea
17101,Yuan Hao,Li,xiaohu,CN,507800.58,League of Legends,Multiplayer Online Battle Arena,China
14599,Seong Jin,Lee,CuVee,KR,488379.08,League of Legends,Multiplayer Online Battle Arena,Korea
12186,Min Ho,Lee,Crown,KR,483747.81,League of Legends,Multiplayer Online Battle Arena,Korea
15792,Wang Ho,Han,Peanut,KR,479060.15,League of Legends,Multiplayer Online Battle Arena,Korea
11698,Shi Yu,Liu,Mlxg,CN,472216.01,League of Legends,Multiplayer Online Battle Arena,China
8924,Luka,Perković,PerkZ,HR,471280.47,League of Legends,Multiplayer Online Battle Arena,Croatia
3386,Kai,Ming,ClearLove,CN,471086.78,League of Legends,Multiplayer Online Battle Arena,China
12466,Rasmus,Winther,Caps,DK,458259.05,League of Legends,Multiplayer Online Battle Arena,Denmark
4509,Won Seok,Heo,PawN,KR,440580.94,League of Legends,Multiplayer Online Battle Arena,Korea
3554,Martin,Larsson,Rekkles,SE,438830.14,League of Legends,Multiplayer Online Battle Arena,Sweden
1863,Paul,Boyer,sOAZ,FR,422314.79,League of Legends,Multiplayer Online Battle Arena,France
3843,Hyuk Kyu,Kim,Deft,KR,409144.64,League of Legends,Multiplayer Online Battle Arena,Korea
4584,Marcin,Jankowski,Jankos,PL,403320.75,League of Legends,Multiplayer Online Battle Arena,Poland
28735,Sen Ming,Shi,Ming,CN,379664.5,League of Legends,Multiplayer Online Battle Arena,China
3176,Jong In,Kim,PraY,KR,374778.08,League of Legends,Multiplayer Online Battle Arena,Korea
13882,Jun Ze,Yan,letme,CN,360201.28,League of Legends,Multiplayer Online Battle Arena,China
31016,Min Seung,Kang,Haru,KR,348691.73,League of Legends,Multiplayer Online Battle Arena,Korea
14665,Seung Hoon,Heo,Huni,KR,347699.25,League of Legends,Multiplayer Online Battle Arena,Korea
4629,Hyeong Seok,Jang,Looper,KR,346307.48,League of Legends,Multiplayer Online Battle Arena,Korea
12663,Ye,Tian,Meiko,CN,337832.12,League of Legends,Multiplayer Online Battle Arena,China
4634,Shuo Jie,Hu,SwordArt,TW,337163.36,League of Legends,Multiplayer Online Battle Arena,Taiwan
10470,Martin,Hansen,Wunder,DK,336306.24,League of Legends,Multiplayer Online Battle Arena,Denmark
16021,Tae Sang,Kim,doinb,KR,330849.29,League of Legends,Multiplayer Online Battle Arena,Korea
4469,Beom Hyeon,Kang,GorillA,KR,329318.02,League of Legends,Multiplayer Online Battle Arena,Korea
8651,Zdravec,Gulubov,Hylissang,BG,325910.24,League of Legends,Multiplayer Online Battle Arena,Bulgaria
3513,Seung Bin,Gu,imp,KR,318379.81,League of Legends,Multiplayer Online Battle Arena,Korea
11612,Mads,Brock-Pedersen,Broxah,DK,313654.08,League of Legends,Multiplayer Online Battle Arena,Denmark
3664,Kyung Ho,Song,Smeb,KR,300818.81,League of Legends,Multiplayer Online Battle Arena,Korea
27588,Gabriël,Rau,Bwipo,BE,287279.5,League of Legends,Multiplayer Online Battle Arena,Belgium
3374,Bo Wei,Cheng,bebe,TW,286115.32,League of Legends,Multiplayer Online Battle Arena,Taiwan
3512,In Kyu,Choi,DanDy,KR,281150.19,League of Legends,Multiplayer Online Battle Arena,Korea
29096,Wei Xiang,Lin,Lwx,CN,271901.75,League of Legends,Multiplayer Online Battle Arena,China
41044,Tian Liang,Gao,Tian,CN,268282.03,League of Legends,Multiplayer Online Battle Arena,China
4473,Seo Haeng,Lee,kurO,KR,267646.88,League of Legends,Multiplayer Online Battle Arena,Korea
6017,Han Saem,Kim,GimGoon,KR,266509.03,League of Legends,Multiplayer Online Battle Arena,Korea
41414,Qing Song,Liu,Crisp,CN,265601.98,League of Legends,Multiplayer Online Battle Arena,China
3833,Gwang Jin,Chae,Piglet,KR,265429.15,League of Legends,Multiplayer Online Battle Arena,Korea
8706,Nicolaj,Jensen,Jensen,DK,265283.06,League of Legends,Multiplayer Online Battle Arena,Denmark
8770,Yang,Tong,Koro1,CN,260755.41,League of Legends,Multiplayer Online Battle Arena,China
2992,Jake,Puchero,Xmithie,PH,260170.9,League of Legends,Multiplayer Online Battle Arena,Philippines
3555,Dennis,Johnsen,Svenskeren,DK,257257.41,League of Legends,Multiplayer Online Battle Arena,Denmark
3834,Jeong Hyeon,Lee,PoohManDu,KR,256771.39,League of Legends,Multiplayer Online Battle Arena,Korea
3859,Alfonso,Aguirre Rodriguez,Mithy,ES,252718.89,League of Legends,Multiplayer Online Battle Arena,Spain
6132,Jesper,Svenningsen,Zven,DK,250580.01,League of Legends,Multiplayer Online Battle Arena,Denmark
3556,Søren,Bjerg,Bjergsen,DK,250222.7,League of Legends,Multiplayer Online Battle Arena,Denmark
3842,Ji Hoon,Lee,Easyhoon,KR,249497.86,League of Legends,Multiplayer Online Battle Arena,Korea
24979,Ye Chan,Lee,Scout,KR,242290.45,League of Legends,Multiplayer Online Battle Arena,Korea
4632,Yi Tang,Huang,Maple,TW,240437.63,League of Legends,Multiplayer Online Battle Arena,Taiwan
8931,Dong Ha,Kim,Khan,KR,232418.28,League of Legends,Multiplayer Online Battle Arena,Korea
3634,Kyung Sup,Yoon,Zero,KR,229438.65,League of Legends,Multiplayer Online Battle Arena,Korea
3371,June Tsan,Wang,Stanley,TW,225522.01,League of Legends,Multiplayer Online Battle Arena,Taiwan
3373,Kurtis Wai Kin,Lau,Toyz,HK,224722.01,League of Legends,Multiplayer Online Battle Arena,Hong Kong
11933,Mihael,Mehle,Mikyx,SI,220292.5,League of Legends,Multiplayer Online Battle Arena,Slovenia
6474,Gyeong Hwan,Jang,MaRin,KR,219660.3,League of Legends,Multiplayer Online Battle Arena,Korea
3372,Kuan Po,Sung,Lilballz,TW,217429.72,League of Legends,Multiplayer Online Battle Arena,Taiwan
3375,Hui Chung,Chen,MiSTakE,TW,216539.83,League of Legends,Multiplayer Online Battle Arena,Taiwan
6058,Han Wei,Su,xiye,CN,206587.79,League of Legends,Multiplayer Online Battle Arena,China
13185,Yu Hao,Chen,Mouse,CN,198089.09,League of Legends,Multiplayer Online Battle Arena,China
3384,Zhihao,Liu,Zzitai,CN,191889.12,League of Legends,Multiplayer Online Battle Arena,China
6472,Sung Joon,Jin,Mystic,KR,189265.81,League of Legends,Multiplayer Online Battle Arena,Korea
3178,Dong Bin,Go,Score,KR,185512.99,League of Legends,Multiplayer Online Battle Arena,Korea
3177,Sang Ook,Yoo,Ryu,KR,184100.69,League of Legends,Multiplayer Online Battle Arena,Korea
1861,Bora,Kim,YellOwStaR,FR,183976.33,League of Legends,Multiplayer Online Battle Arena,France
27718,Bo Seong,Gwak,Bdd,KR,182877.42,League of Legends,Multiplayer Online Battle Arena,Korea
37699,Ding,Zhuo,Knight,CN,180858.29,League of Legends,Multiplayer Online Battle Arena,China
20017,Gang Yun,Kim,Trick,KR,177780.23,League of Legends,Multiplayer Online Battle Arena,Korea
29501,Yu Hung,Lu,Betty,TW,177478.08,League of Legends,Multiplayer Online Battle Arena,Taiwan
59916,Su,Heo,ShowMaker,KR,177331.43,League of Legends,Multiplayer Online Battle Arena,Korea
37918,Ha Gwon,Jang,Nuguri,KR,176983.88,League of Legends,Multiplayer Online Battle Arena,Korea
59915,Geon Bu,Kim,Canyon,KR,174361.72,League of Legends,Multiplayer Online Battle Arena,Korea
56731,Jia Hao,Bai,369,CN,173098.69,League of Legends,Multiplayer Online Battle Arena,China
41209,Geon Hee,Cho,BeryL,KR,170911.34,League of Legends,Multiplayer Online Battle Arena,Korea
21629,Dong Wook,Lee,LokeN,KR,170679.58,League of Legends,Multiplayer Online Battle Arena,Korea
1892,Enrique,Cedeño Martinez,xPeke,ES,166127.4,League of Legends,Multiplayer Online Battle Arena,Spain
8936,Dae Han,Gi,Expect,KR,165169.85,League of Legends,Multiplayer Online Battle Arena,Korea
3387,Zhuojun,Feng,Fzzf,CN,164821.18,League of Legends,Multiplayer Online Battle Arena,China
17103,Ren Jie,Xiang,Condi,CN,161938.75,League of Legends,Multiplayer Online Battle Arena,China
6633,Petter,Freyschuss,Hjärnan,SE,160818.8,League of Legends,Multiplayer Online Battle Arena,Sweden
13186,Chang Yu,Ke,957,CN,159402.36,League of Legends,Multiplayer Online Battle Arena,China
59528,David,Wang,Aqua,AT,1923774.23,Fortnite,Battle Royale,Austria
54656,Emil,Bergquist Pedersen,Nyhrox,NO,1536845.69,Fortnite,Battle Royale,Norway
67334,Jaden,Ashman,Wolfiez,GB,1331128.07,Fortnite,Battle Royale,United Kingdom of Great Britain & Northern Ireland
55139,Dave,Jong,Rojo,NL,1213576.66,Fortnite,Battle Royale,Netherlands
51948,Nate,Kou,Kreo,HK,1200043.07,Fortnite,Battle Royale,Hong Kong
61896,Thiago,Lapp,kinG,AR,1021000.0,Fortnite,Battle Royale,Argentina
49566,Clément,Danglot,Skite,FR,850264.02,Fortnite,Battle Royale,France
51611,Dmitri,Van de Vrie,Mitr0,NL,775574.81,Fortnite,Battle Royale,Netherlands
62314,Theo,Ferrer,Crue,SE,715350.0,Fortnite,Battle Royale,Sweden
50421,Kyle,Jackson,Mongraal,GB,673154.23,Fortnite,Battle Royale,United Kingdom of Great Britain & Northern Ireland
61243,Benjy David,Fish,BenjyFishy,GB,496429.32,Fortnite,Battle Royale,United Kingdom of Great Britain & Northern Ireland
57463,Klaus,Konstanzer,stompy,AT,492271.94,Fortnite,Battle Royale,Austria
56863,Nathan,Berquignol,Nayte,FR,474562.23,Fortnite,Battle Royale,France
49559,Duong,Huynh,Kinstaar,CH,414258.4,Fortnite,Battle Royale,Switzerland
65115,Stephan,-,Suezhoo,BE,341250.0,Fortnite,Battle Royale,Belgium
65116,-,-,Zand,DK,341250.0,Fortnite,Battle Royale,Denmark
55138,Thomas,Hörak,Tschiiinken,AT,326176.94,Fortnite,Battle Royale,Austria
49868,Pierre,Mesey,Vato,CH,285707.09,Fortnite,Battle Royale,Switzerland
61171,Martin,Foss,MrSavage,NO,271316.73,Fortnite,Battle Royale,Norway
50422,Domeniks,Bunts,Domentos,LV,269887.84,Fortnite,Battle Royale,Latvia
49561,Corentin,Tardif,Hunter,FR,229464.98,Fortnite,Battle Royale,France
61414,Calum,MacGillivray,itemm,GB,215605.0,Fortnite,Battle Royale,United Kingdom of Great Britain & Northern Ireland
51594,Adam,Boyer-Dræby,Boyer,DK,210575.84,Fortnite,Battle Royale,Denmark
51909,Patrik,Zaharchenko,Pate1k,NO,207201.06,Fortnite,Battle Royale,Norway
51924,Sven,Edelenbosch,Svennoss,NL,205008.33,Fortnite,Battle Royale,Netherlands
80698,Tai,Starčič,TaySon,SI,200130.0,Fortnite,Battle Royale,Slovenia
51592,Liam,Fillery,Kamo,DE,197139.97,Fortnite,Battle Royale,Germany
62999,Fabian,Real,Derox,DE,195617.67,Fortnite,Battle Royale,Germany
51908,Yan,Kaur,Fwexy,RU,193787.59,Fortnite,Battle Royale,Russian Federation
51908,Yan,Kaur,Fwexy,RU,193787.59,Fortnite,Battle Royale,Russian Federation
56925,Mark,Danilov,Letw1k3,RU,189482.52,Fortnite,Battle Royale,Russian Federation
56925,Mark,Danilov,Letw1k3,RU,189482.52,Fortnite,Battle Royale,Russian Federation
51593,Artur,Kurshin,7ssk7,BY,188358.03,Fortnite,Battle Royale,Belarus
63544,Jannis,Matwin,JannisZ,DE,188212.42,Fortnite,Battle Royale,Germany
80697,Thomas,Davidsen,Th0masHD,DK,188090.0,Fortnite,Battle Royale,Denmark
61233,Alexandre,Christophe,Andilex,FR,187095.73,Fortnite,Battle Royale,France
44303,Klaivert,Dervishi,Teeqzy,BE,179596.3,Fortnite,Battle Royale,Belgium
57084,Lassi,Kallio,BELAEU,FI,178610.0,Fortnite,Battle Royale,Finland
66611,Endre,Byre,Endretta,NO,176803.33,Fortnite,Battle Royale,Norway
3948,Karim,Benghalia,Aïrwaks,CH,176598.27,Fortnite,Battle Royale,Switzerland
56302,Felix,Hortlund,Wakie,SE,174439.58,Fortnite,Battle Royale,Sweden
52287,Jamal,Saidayev,Jamside,RU,172779.7,Fortnite,Battle Royale,Russian Federation
52287,Jamal,Saidayev,Jamside,RU,172779.7,Fortnite,Battle Royale,Russian Federation
60945,Pontus,Bucht,Tchub,SE,172400.0,Fortnite,Battle Royale,Sweden
55243,Howard,Castiaux,Noward,BE,172385.27,Fortnite,Battle Royale,Belgium
52467,Blaž,Lešnik,K1nzell,SI,167697.53,Fortnite,Battle Royale,Slovenia
56301,Alexander,Zayedli,Znappy,SE,159160.84,Fortnite,Battle Royale,Sweden
49845,Maxime,Thomas,Blax,FR,152619.67,Fortnite,Battle Royale,France
51535,Jong Su,Lee,Peterpan,KR,147050.0,Fortnite,Battle Royale,Korea
49841,Victor,Lopez,TheVic,FR,144507.88,Fortnite,Battle Royale,France
60950,Zygimantas,Navickas,Redrush,LT,139936.26,Fortnite,Battle Royale,Lithuania
49578,Nicolas,Frejavise,Nikof,FR,137954.0,Fortnite,Battle Royale,France
62624,Moussa,Faour,Chapix,SE,136820.0,Fortnite,Battle Royale,Sweden
62071,Jonas Colkær,Thomsen,Klusia,DK,136810.0,Fortnite,Battle Royale,Denmark
64190,Kevin,Fedjuschkin,Letshe,DE,135928.06,Fortnite,Battle Royale,Germany
57034,Jordan,Tucker,Tuckz,GB,134800.0,Fortnite,Battle Royale,United Kingdom of Great Britain & Northern Ireland
32000,Dong Jun,Kim,Rascal,KR,331108.68,Overwatch,First-Person Shooter,Korea
40261,Nam Joo,Kwon,Striker,KR,327424.24,Overwatch,First-Person Shooter,Korea
46828,Myeong Hwan,Yoo,smurf,KR,322184.16,Overwatch,First-Person Shooter,Korea
36883,Hyo Bin,Choi,ChoiHyoBin,KR,319657.2,Overwatch,First-Person Shooter,Korea
50319,Min Ki,Park,Viol2t,KR,308901.19,Overwatch,First-Person Shooter,Korea
37635,Jae Hee,Hong,Gesture,KR,297730.97,Overwatch,First-Person Shooter,Korea
37636,Joon Yeong,Park,Profit,KR,297730.97,Overwatch,First-Person Shooter,Korea
35351,Seung Tae,Choi,Bdosin,KR,272689.65,Overwatch,First-Person Shooter,Korea
34117,Joo Seok,Lee,Twilight,KR,267391.59,Overwatch,First-Person Shooter,Korea
37325,Jun Ho,Kim,Fury,KR,222400.43,Overwatch,First-Person Shooter,Korea
34123,Ji Hyuk,Kim,birdring,KR,208453.84,Overwatch,First-Person Shooter,Korea
37332,Won Sik,Jung,Closer,KR,197480.74,Overwatch,First-Person Shooter,Korea
37389,Jong Seok,Kim,NUS,KR,188479.09,Overwatch,First-Person Shooter,Korea
47221,Sung Jun,Kim,SLIME,KR,186382.3,Overwatch,First-Person Shooter,Korea
27366,Andreas,Karlsson,Nevix,SE,180755.36,Overwatch,First-Person Shooter,Sweden
34133,Jong Yeol,Park,Saebyeolbe,KR,176385.68,Overwatch,First-Person Shooter,Korea
34701,Dong Gyu,Kim,Mano,KR,168959.28,Overwatch,First-Person Shooter,Korea
37385,Hye Sung,Kim,Libero,KR,167420.62,Overwatch,First-Person Shooter,Korea
37501,Choong Hui,Lee,Stitch,KR,164396.18,Overwatch,First-Person Shooter,Korea
39996,Sean,Henderson,ta1yo,JP,164025.25,Overwatch,First-Person Shooter,Japan
42786,Sung Hyeon,Bang,JJoNak,KR,163336.4,Overwatch,First-Person Shooter,Korea
50329,Seon Chang,Lee,ANS,KR,159911.85,Overwatch,First-Person Shooter,Korea
42667,Tae-seong,Jeong,ANAMO,KR,159757.11,Overwatch,First-Person Shooter,Korea
37637,Dong Eun,Lee,Hooreg,KR,157907.63,Overwatch,First-Person Shooter,Korea
40110,Min Ho,Park,Architect,KR,157289.9,Overwatch,First-Person Shooter,Korea
32848,Jin Mo,Yang,tobi,KR,157268.25,Overwatch,First-Person Shooter,Korea
40385,Hyeon Woo,Choi,JJANU,KR,156207.98,Overwatch,First-Person Shooter,Korea
34159,Hyo Jong,Kim,Haksal,KR,151472.42,Overwatch,First-Person Shooter,Korea
34132,Tae Hong,Kim,Mek0,KR,149547.3,Overwatch,First-Person Shooter,Korea
32172,Do Hyun,Kim,pine,KR,138012.28,Overwatch,First-Person Shooter,Korea
37341,Min-hyuk,Choi,Michelle,KR,131615.34,Overwatch,First-Person Shooter,Korea
37502,Sang Beom,Park,BUMPER,KR,128681.89,Overwatch,First-Person Shooter,Korea
36891,Yeon Joon,Hong,ArK,KR,113666.44,Overwatch,First-Person Shooter,Korea
42796,Min Seo,Hwang,Marve1,KR,111871.29,Overwatch,First-Person Shooter,Korea
40107,Jun Woo,Kang,Void,KR,110435.01,Overwatch,First-Person Shooter,Korea
50327,Jae Min,Park,ILLICIT,KR,108240.14,Overwatch,First-Person Shooter,Korea
42942,Min Soo,Seo,SeoMinSoo,KR,107535.84,Overwatch,First-Person Shooter,Korea
57262,Dong Eon,Kim,Fits,KR,104737.26,Overwatch,First-Person Shooter,Korea
42891,Jun Geun,Kim,Rapel,KR,104074.27,Overwatch,First-Person Shooter,Korea
11233,Isaac,Charles,Boombox,GB,98285.03,Overwatch,First-Person Shooter,United Kingdom of Great Britain & Northern Ireland
44173,Daniel,Hathaway,FunnyAstro,GB,96906.13,Overwatch,First-Person Shooter,United Kingdom of Great Britain & Northern Ireland
37331,Min Seong,Bae,diem,KR,94244.74,Overwatch,First-Person Shooter,Korea
39790,Yeon Kwan,Jeong,Nenne,KR,91413.27,Overwatch,First-Person Shooter,Korea
37497,Jae Hyeok,Lee,Carpe,KR,91158.55,Overwatch,First-Person Shooter,Korea
47237,Young Wan,Kim,Creative,KR,90485.05,Overwatch,First-Person Shooter,Korea
34401,Gael,Gouzerch,Poko,FR,90439.44,Overwatch,First-Person Shooter,France
4742,Terence,Tarlier,SoOn,FR,90428.77,Overwatch,First-Person Shooter,France
37322,Jang Hyeon,Hwang,TiZi,KR,88443.76,Overwatch,First-Person Shooter,Korea
34131,Joong Hwa,Song,janus,KR,86293.32,Overwatch,First-Person Shooter,Korea
37493,Byeong Seon,Kim,Fleta,KR,86277.6,Overwatch,First-Person Shooter,Korea
32847,Je Hong,Ryu,Ryujehong,KR,85804.45,Overwatch,First-Person Shooter,Korea
32430,Weida,Lu,Diya,CN,83845.32,Overwatch,First-Person Shooter,China
40620,Josh,Corona,Eqo,IL,83532.82,Overwatch,First-Person Shooter,Israel
32174,Yeon Oh,Hwang,Fl0w3R,KR,83235.77,Overwatch,First-Person Shooter,Korea
50325,Min Chul,Kim,Izayaki,KR,82630.1,Overwatch,First-Person Shooter,Korea
43167,Su Min,Kim,SADO,KR,82032.82,Overwatch,First-Person Shooter,Korea
37996,Simon,Ekström,snillo,SE,81812.25,Overwatch,First-Person Shooter,Sweden
34712,Seong Hyeon,Yang,Luffy,KR,81363.59,Overwatch,First-Person Shooter,Korea
42669,Min Seok,Kwon,AimGod,KR,78260.01,Overwatch,First-Person Shooter,Korea
36889,Chang Hoon,Gye,r0ar,KR,78144.21,Overwatch,First-Person Shooter,Korea
40108,Gui Un,Jang,Decay,KR,77756.89,Overwatch,First-Person Shooter,Korea
31919,Jonas,Suovaara,Shaz,FI,77723.5,Overwatch,First-Person Shooter,Finland
36781,Benjamin,Isohanni,BigG00se,FI,77014.11,Overwatch,First-Person Shooter,Finland
36791,Seung Joon,Lee,Whoru,KR,75756.09,Overwatch,First-Person Shooter,Korea
35349,Jin Hyeok,Yang,DDing,KR,74902.37,Overwatch,First-Person Shooter,Korea
55703,Jae Gon,Lee,LeeJaeGon,KR,74175.89,Overwatch,First-Person Shooter,Korea
34118,Kyung Ho,Kim,Alarm,KR,73478.37,Overwatch,First-Person Shooter,Korea
33998,Joon Hyuk,Kim,zunba,KR,72886.36,Overwatch,First-Person Shooter,Korea
31156,Se Yeon,Kim,Geguri,KR,70298.68,Overwatch,First-Person Shooter,Korea
10750,Joona,Laine,fragi,FI,70255.34,Overwatch,First-Person Shooter,Finland
39792,Hong Joon,Choi,HOTBA,KR,68984.11,Overwatch,First-Person Shooter,Korea
5238,Alberto,Gonzales Molinillo,neptuNo,ES,67619.01,Overwatch,First-Person Shooter,Spain
36884,Da Un,Jeong,NoSmite,KR,67246.48,Overwatch,First-Person Shooter,Korea
11780,Seb,Barton,numlocked,GB,66306.23,Overwatch,First-Person Shooter,United Kingdom of Great Britain & Northern Ireland
37395,Joon,Jeong,Erster,KR,66165.46,Overwatch,First-Person Shooter,Korea
52500,Hee Su,Jeong,Heesu,KR,64783.08,Overwatch,First-Person Shooter,Korea
21798,George,Gushcha,ShaDowBurn,RU,63953.84,Overwatch,First-Person Shooter,Russian Federation
21798,George,Gushcha,ShaDowBurn,RU,63953.84,Overwatch,First-Person Shooter,Russian Federation
38995,Ho Jin,Park,IDK,KR,61950.86,Overwatch,First-Person Shooter,Korea
35356,João Pedro,Telles,Hydration,BR,61460.24,Overwatch,First-Person Shooter,Brazil
13853,Ji Won,Seo,Stand1,KR,61459.02,Overwatch,First-Person Shooter,Korea
27563,Timo,Kettunen,Taimou,FI,61027.02,Overwatch,First-Person Shooter,Finland
42209,Xu,Qiulin,guxue,CN,59154.54,Overwatch,First-Person Shooter,China
27565,Jonathan,Rua,HarryHook,ES,58718.69,Overwatch,First-Person Shooter,Spain
2339,Sebastian,Widlund,chipshajen,SE,56549.85,Overwatch,First-Person Shooter,Sweden
37330,Pan Seung,Koo,FaTe,KR,55538.23,Overwatch,First-Person Shooter,Korea
3482,Dylan,Bignet,aKm,FR,54391.23,Overwatch,First-Person Shooter,France
4747,Benjamin,Chevasson,unKOE,FR,54391.23,Overwatch,First-Person Shooter,France
37638,Hyeon Woo,Jo,HagoPeun,KR,54290.66,Overwatch,First-Person Shooter,Korea
42893,Eui Seok,Lee,Fearless,KR,54215.94,Overwatch,First-Person Shooter,Korea
34125,Byung Ho,Lee,Panker,KR,54037.27,Overwatch,First-Person Shooter,Korea
28443,Scott,Kennedy,Custa,AU,53759.68,Overwatch,First-Person Shooter,Australia
36882,Kyeon Bo,Kim,GodsB,KR,53293.7,Overwatch,First-Person Shooter,Korea
5513,Joona,Sotala,Serral,FI,893336.55,Starcraft II,Strategy,Finland
1126,Sung Choo,Cho,Maru,KR,886795.83,Starcraft II,Strategy,Korea
4070,Byung Ryul,Lee,Rogue,KR,883148.24,Starcraft II,Strategy,Korea
3620,Ryung Woo,Park,Dark,KR,794627.39,Starcraft II,Strategy,Korea
2268,Shin Hyung,Lee,INnoVation,KR,762437.0,Starcraft II,Strategy,Korea
2224,Tae Yang,Jun,TY,KR,673162.61,Starcraft II,Strategy,Korea
2236,Dae Yeob,Kim,Stats,KR,631829.71,Starcraft II,Strategy,Korea
2272,Yoo Jin,Kim,sOs,KR,628026.1,Starcraft II,Strategy,Korea
3481,Yoon Su,Eu,soO,KR,616412.36,Starcraft II,Strategy,Korea
4674,Sung Wook,Joo,Zest,KR,558114.07,Starcraft II,Strategy,Korea
1000,Min Chul,Jang,MC,KR,509771.79,Starcraft II,Strategy,Korea
2271,Doh Woo,Kim,Classic,KR,479324.03,Starcraft II,Strategy,Korea
1429,Seung Hyun,Lee,Life,KR,475900.67,Starcraft II,Strategy,Korea
1003,Sung Hoon,Choi,Polt,KR,451943.24,Starcraft II,Strategy,Korea
1132,Lee Sak,Won,PartinG,KR,427239.54,Starcraft II,Strategy,Korea
1017,Hyun Woo,Byun,Byun,KR,415145.07,Starcraft II,Strategy,Korea
1007,Sung Won,Moon,MMA,KR,407169.17,Starcraft II,Strategy,Korea
1002,Jong Hyun,Jung,Mvp,KR,404994.83,Starcraft II,Strategy,Korea
1257,Jens,Aasgaard,Snute,NO,372788.71,Starcraft II,Strategy,Norway
1227,Artur,Bloch,Nerchio,PL,371725.19,Starcraft II,Strategy,Poland
3657,Min Soo,Kang,Solar,KR,363307.59,Starcraft II,Strategy,Korea
3042,Joon Ho,Kim,herO,KR,341093.28,Starcraft II,Strategy,Korea
1158,Ilyes,Satouri,Stephano,FR,304291.61,Starcraft II,Strategy,France
1061,Young Suh,Yoon,TaeJa,KR,303679.63,Starcraft II,Strategy,Korea
15015,Riccardo,Romiti,Reynor,IT,298622.85,Starcraft II,Strategy,Italy
1057,Soo Ho,Park,DongRaeGu,KR,289675.08,Starcraft II,Strategy,Korea
1025,Dong Nyung,Lee,Leenock,KR,288257.14,Starcraft II,Strategy,Korea
1001,Jae Duk,Lim,NesTea,KR,288225.07,Starcraft II,Strategy,Korea
3811,Tobias,Sieber,ShoWTimE,DE,282135.93,Starcraft II,Strategy,Germany
3435,Sung Ho,Cho,Trap,KR,280334.78,Starcraft II,Strategy,Korea
1030,Ji Sung,Choi,Bomber,KR,265914.84,Starcraft II,Strategy,Korea
11418,Mikołaj,Ogonowski,Elazer,PL,264095.3,Starcraft II,Strategy,Poland
1086,Hyeon Deok,Song,HerO,KR,261892.87,Starcraft II,Strategy,Korea
2274,Dong Jun,Baek,Dear,KR,243027.72,Starcraft II,Strategy,Korea
3041,Yoon Jong,Jung,Rain,KR,236690.51,Starcraft II,Strategy,Korea
1426,Seok Hyun,Ko,HyuN,KR,233783.91,Starcraft II,Strategy,Korea
1064,Byung Jae,Koh,GuMiho,KR,227008.15,Starcraft II,Strategy,Korea
1507,Jae Dong,Lee,Jaedong,KR,224833.53,Starcraft II,Strategy,Korea
1225,Grzegorz,Komincz,MaNa,PL,218911.98,Starcraft II,Strategy,Poland
1004,Jung Hoon,Lee,MarineKing,KR,212397.14,Starcraft II,Strategy,Korea
1033,Lee Seok,Han,aLive,KR,204079.55,Starcraft II,Strategy,Korea
3651,Tae Su,Bang,TRUE,KR,189776.99,Starcraft II,Strategy,Korea
19597,Peinan,Li,TIME,CN,184811.62,Starcraft II,Strategy,China
1052,Dong Hwan,Kim,viOLet,KR,183568.96,Starcraft II,Strategy,Korea
1094,Johan,Lucchesi,NaNiwa,SE,177659.71,Starcraft II,Strategy,Sweden
7995,Zhou,Hang,iAsonu,CN,172891.85,Starcraft II,Strategy,China
3518,Gabriel,Segat,HeRoMaRinE,DE,167442.47,Starcraft II,Strategy,Germany
6180,Diego,Schwimer,Kelazhur,BR,158091.74,Starcraft II,Strategy,Brazil
4977,Ji Hyun,Jo,Patience,KR,155836.32,Starcraft II,Strategy,Korea
2230,Min Chul,Kim,Soulkey,KR,153116.49,Starcraft II,Strategy,Korea
2620,Marc,Schlappi,uThermal,NL,150578.81,Starcraft II,Strategy,Netherlands
7999,Doh Wook,Kim,Cure,KR,149003.23,Starcraft II,Strategy,Korea
5420,Yu Feng,Ke,Has,TW,148558.05,Starcraft II,Strategy,Taiwan
2221,Dong Won,Shin,Hydra,KR,147459.89,Starcraft II,Strategy,Korea
1129,Ji Soo,Park,fOrGG,KR,147378.95,Starcraft II,Strategy,Korea
1174,Ho Joon,Lee,PuMa,KR,143862.24,Starcraft II,Strategy,Korea
2775,Hui Ming,Huang,TooDming,CN,142369.56,Starcraft II,Strategy,China
1080,Hyun Woo,Jang,Creator,KR,141938.84,Starcraft II,Strategy,Korea
1076,Chia Cheng,Yang,Sen,TW,141662.54,Starcraft II,Strategy,Taiwan
1239,Lei,Wang,XiGua,CN,134300.51,Starcraft II,Strategy,China
1024,Hoon Jung,Ji,Jjakji,KR,133917.25,Starcraft II,Strategy,Korea
8570,Théo,Freydière,PtitDrogo,FR,130550.93,Starcraft II,Strategy,France
1285,Aleksandr,Svusuyk,Bly,UA,127688.41,Starcraft II,Strategy,Ukraine
1236,Jin,Hui Cao,Jim,CN,125173.05,Starcraft II,Strategy,China
1165,Dario,Wünsch,TLO,DE,115102.67,Starcraft II,Strategy,Germany
3616,Ji Won,Han,ByuL,KR,114416.73,Starcraft II,Strategy,Korea
1009,Kang Ho,Hwang,LosirA,KR,114305.31,Starcraft II,Strategy,Korea
3521,Seok Hee,Son,StarDust,KR,111579.95,Starcraft II,Strategy,Korea
1430,Xiang,Hu,MacSed,CN,111540.17,Starcraft II,Strategy,China
3613,Kevin,de Koning,Harstem,NL,109736.18,Starcraft II,Strategy,Netherlands
1011,Cho-Won,Kang,san,KR,109440.09,Starcraft II,Strategy,Korea
1029,Dong Won,Kim,Ryung,KR,108009.18,Starcraft II,Strategy,Korea
1081,Joong Hyuk,Cho,Dream,KR,103798.04,Starcraft II,Strategy,Korea
1037,Won Ki,Kim,FruitDealer,KR,102860.5,Starcraft II,Strategy,Korea
1123,Marcus,Eklöf,ThorZaIN,SE,102682.9,Starcraft II,Strategy,Sweden
1280,Juan,Moreno Durán,VortiX,ES,100271.58,Starcraft II,Strategy,Spain
4712,Joon Hyuk,Kim,Impact,KR,97741.11,Starcraft II,Strategy,Korea
7891,Julian,Brosig,Lambo,DE,96604.3,Starcraft II,Strategy,Germany
3655,Ki Woong,Nam,Hurricane,KR,96034.27,Starcraft II,Strategy,Korea
1034,Joon Sik,Yang,Alicia,KR,94907.1,Starcraft II,Strategy,Korea
1135,Dong Hyun,Kang,Symbol,KR,94856.43,Starcraft II,Strategy,Korea
3441,Hee Bum,Shin,RagnaroK,KR,93903.11,Starcraft II,Strategy,Korea
1036,Kyo Seok,Hwang,KeeN,KR,93866.46,Starcraft II,Strategy,Korea
1018,Min Soo,Jung,Genius,KR,93775.14,Starcraft II,Strategy,Korea
1070,Hyun Woo,Park,Squirtle,KR,92282.22,Starcraft II,Strategy,Korea
7992,David,Moschetto,Lilbow,FR,91850.98,Starcraft II,Strategy,France
14540,Huang,Min,Cyan,CN,90452.98,Starcraft II,Strategy,China
1505,Young Ho,Lee,Flash,KR,90152.64,Starcraft II,Strategy,Korea
2890,Hyun Woo,Kang,First,KR,89725.4,Starcraft II,Strategy,Korea
4574,Alexis,Eusebio,MarineLorD,FR,86634.27,Starcraft II,Strategy,France
1233,Dennis,Schneider,HasuObs,DE,84794.99,Starcraft II,Strategy,Germany
3091,Patrick,Brix,Bunny,DK,84195.98,Starcraft II,Strategy,Denmark
1082,Byung Hyun,Choi,YoDa,KR,84119.07,Starcraft II,Strategy,Korea
2795,Rickard,Bergman,SortOf,SE,83622.52,Starcraft II,Strategy,Sweden
2833,Yao,Xiang,XY,CN,81795.94,Starcraft II,Strategy,China
19968,Won Ho,Jeong,KyoCha,KR,464560.82,Heroes of the Storm,Multiplayer Online Battle Arena,Korea
18570,Jung Hyeog,Lee,sake,KR,462790.78,Heroes of the Storm,Multiplayer Online Battle Arena,Korea
15718,Jae Won,Lee,Rich,KR,427923.28,Heroes of the Storm,Multiplayer Online Battle Arena,Korea
18568,Jin Woo,Im,Reset,KR,360093.52,Heroes of the Storm,Multiplayer Online Battle Arena,Korea
15724,Woon Sung,Kang,Ttsst,KR,353715.98,Heroes of the Storm,Multiplayer Online Battle Arena,Korea
17549,Jonathan,Gunnarsson,Wubby,SE,264826.14,Heroes of the Storm,Multiplayer Online Battle Arena,Sweden
1014,Seung Chul,Kim,sCsC,KR,239311.62,Heroes of the Storm,Multiplayer Online Battle Arena,Korea
15602,Joshua,Bennett,Snitch,GB,238798.57,Heroes of the Storm,Multiplayer Online Battle Arena,United Kingdom of Great Britain & Northern Ireland
16241,Jérome,Trinh,JayPL,FR,229170.87,Heroes of the Storm,Multiplayer Online Battle Arena,France
21221,Ji Hoon,Yoon,Sign,KR,211104.46,Heroes of the Storm,Multiplayer Online Battle Arena,Korea
23618,Jeong Ha,Lee,Jeongha,KR,200447.42,Heroes of the Storm,Multiplayer Online Battle Arena,Korea
15751,Simon,Svensson,Schwimpi,SE,191647.23,Heroes of the Storm,Multiplayer Online Battle Arena,Sweden
15748,Pontus,Sjogren,Breez,SE,187978.31,Heroes of the Storm,Multiplayer Online Battle Arena,Sweden
18573,Tae Jun,Lee,merryday,KR,184790.78,Heroes of the Storm,Multiplayer Online Battle Arena,Korea
22236,Filip,Liljeström,Smexystyle,SE,184411.26,Heroes of the Storm,Multiplayer Online Battle Arena,Sweden
11920,Dob,Engström,QuackNiix,SE,180964.31,Heroes of the Storm,Multiplayer Online Battle Arena,Sweden
1049,Do Joon,Chae,Noblesse,KR,164811.62,Heroes of the Storm,Multiplayer Online Battle Arena,Korea
18572,Jae Hun,Jin,Lockdown,KR,156959.11,Heroes of the Storm,Multiplayer Online Battle Arena,Korea
28356,Seung Won,Kim,Swoy,KR,151828.25,Heroes of the Storm,Multiplayer Online Battle Arena,Korea
30547,Kenn Øster,Rasmussen,Zaelia,DK,147500.0,Heroes of the Storm,Multiplayer Online Battle Arena,Denmark
25039,Jin Su,Park,NachoJin,KR,146932.17,Heroes of the Storm,Multiplayer Online Battle Arena,Korea
20908,Thomas,Cailleux,Ménè,FR,145068.51,Heroes of the Storm,Multiplayer Online Battle Arena,France
14011,James,Baker,Bakery,GB,134818.57,Heroes of the Storm,Multiplayer Online Battle Arena,United Kingdom of Great Britain & Northern Ireland
1091,Tae Hoon,Kwon,Sniper,KR,128659.74,Heroes of the Storm,Multiplayer Online Battle Arena,Korea
18569,Yeong Hwan,Jing,Hide,KR,123398.02,Heroes of the Storm,Multiplayer Online Battle Arena,Korea
16733,Lunhan,Kang,XingC,CN,122420.01,Heroes of the Storm,Multiplayer Online Battle Arena,China
7405,Lawrence,Harper,Atheroangel,GB,120263.57,Heroes of the Storm,Multiplayer Online Battle Arena,United Kingdom of Great Britain & Northern Ireland
14972,Vilhem,Flennmark,POILK,SE,114751.8,Heroes of the Storm,Multiplayer Online Battle Arena,Sweden
18797,Hanfei,Chen,Tiger,CN,114207.06,Heroes of the Storm,Multiplayer Online Battle Arena,China
6565,Kun,Fang,iDream,CN,112337.16,Heroes of the Storm,Multiplayer Online Battle Arena,China
16730,Zhihao,Wu,Tumi,CN,112170.41,Heroes of the Storm,Multiplayer Online Battle Arena,China
1233,Dennis,Schneider,HasuObs,DE,110050.76,Heroes of the Storm,Multiplayer Online Battle Arena,Germany
23619,Ju Dam,Park,dami,KR,109714.8,Heroes of the Storm,Multiplayer Online Battle Arena,Korea
14122,Lyubomir,Kozlovski,Splendour,BG,106462.18,Heroes of the Storm,Multiplayer Online Battle Arena,Bulgaria
20208,Xiangzhi,Zheng,melodyC,CN,106288.65,Heroes of the Storm,Multiplayer Online Battle Arena,China
15735,Ben,Bunk,Cattlepillar,DE,105541.2,Heroes of the Storm,Multiplayer Online Battle Arena,Germany
14440,Adrian,Wójcik,adrd,PL,103282.92,Heroes of the Storm,Multiplayer Online Battle Arena,Poland
12389,Nils,Gebhardt,Nurok,DE,102971.54,Heroes of the Storm,Multiplayer Online Battle Arena,Germany
16732,Tuo,Li,NccCc,CN,97833.37,Heroes of the Storm,Multiplayer Online Battle Arena,China
15750,Alexander,Milanov,ethernal,BG,93149.29,Heroes of the Storm,Multiplayer Online Battle Arena,Bulgaria
1134,Ki Soo,Han,CrazymoviNG,KR,93131.84,Heroes of the Storm,Multiplayer Online Battle Arena,Korea
26616,Jun,Jang,Jun,KR,92591.2,Heroes of the Storm,Multiplayer Online Battle Arena,Korea
28605,Jong Hoon,Park,Hooligan,KR,92397.81,Heroes of the Storm,Multiplayer Online Battle Arena,Korea
14564,Lizhong,Zhou,Misaka,CN,90136.72,Heroes of the Storm,Multiplayer Online Battle Arena,China
23617,Dae Hyung,Lee,Hongcono,KR,89214.8,Heroes of the Storm,Multiplayer Online Battle Arena,Korea
1352,Li Wei,Sun,xiaOt,CN,88040.91,Heroes of the Storm,Multiplayer Online Battle Arena,China
7208,Guo,Jiayi,Gemini,CN,87834.52,Heroes of the Storm,Multiplayer Online Battle Arena,China
14568,Hao,Pu,m,CN,86588.9,Heroes of the Storm,Multiplayer Online Battle Arena,China
6023,Jae Hyun,Park,JaeHyun,KR,85836.53,Heroes of the Storm,Multiplayer Online Battle Arena,Korea
22243,Simon,Tabin,Darkmok,DE,85535.96,Heroes of the Storm,Multiplayer Online Battle Arena,Germany
38902,Hyun Tae,Kim,SDE,KR,84500.0,Heroes of the Storm,Multiplayer Online Battle Arena,Korea
17414,Alexander,Grumstrup,AlexTheProG,DK,83962.45,Heroes of the Storm,Multiplayer Online Battle Arena,Denmark
21705,Jin Hwan,Kim,Magi,KR,79790.68,Heroes of the Storm,Multiplayer Online Battle Arena,Korea
27953,Benjamin,Eekenulv,BadBenny,SE,76798.88,Heroes of the Storm,Multiplayer Online Battle Arena,Sweden
14001,Matic,Mikec,Zarmony,SI,75978.57,Heroes of the Storm,Multiplayer Online Battle Arena,Slovenia
17402,Jing,Gu,Aloof,CN,75648.35,Heroes of the Storm,Multiplayer Online Battle Arena,China
18574,Jize,Song,sk,CN,75380.4,Heroes of the Storm,Multiplayer Online Battle Arena,China
17550,Ivan,Koturić,Sportbilly,HR,72193.01,Heroes of the Storm,Multiplayer Online Battle Arena,Croatia
28607,Sung Hyun,Moon,Good,KR,70434.23,Heroes of the Storm,Multiplayer Online Battle Arena,Korea
27955,Dominic,Asal,Nic,DE,69829.77,Heroes of the Storm,Multiplayer Online Battle Arena,Germany
19422,Jing,Chen,Xuyu,CN,69791.28,Heroes of the Storm,Multiplayer Online Battle Arena,China
21943,Niklas,Skogheim,Cursen,NO,67862.48,Heroes of the Storm,Multiplayer Online Battle Arena,Norway
20604,Yu Yen,Su,GoDDog,TW,65965.06,Heroes of the Storm,Multiplayer Online Battle Arena,Taiwan
22244,Markus,Hanke,Blumbi,DE,65525.96,Heroes of the Storm,Multiplayer Online Battle Arena,Germany
12396,Christoph,Gowitzke,Cris,DE,65516.28,Heroes of the Storm,Multiplayer Online Battle Arena,Germany
1120,Kyung Deok,Kim,duckdeok,KR,63405.8,Heroes of the Storm,Multiplayer Online Battle Arena,Korea
21427,Zhihao,Zhang,zZH,CN,60952.31,Heroes of the Storm,Multiplayer Online Battle Arena,China
14570,Tianze,Chen,canjian,CN,58569.42,Heroes of the Storm,Multiplayer Online Battle Arena,China
32505,Tae Seok,Oh,taeseok,KR,57792.0,Heroes of the Storm,Multiplayer Online Battle Arena,Korea
33385,Liam,Simpson,Arcaner,AU,57228.0,Heroes of the Storm,Multiplayer Online Battle Arena,Australia
21426,Qian,Li,Qx,CN,57198.2,Heroes of the Storm,Multiplayer Online Battle Arena,China
21709,Seong Min,Min,Darvish,KR,55970.05,Heroes of the Storm,Multiplayer Online Battle Arena,Korea
23446,Chun Yu,Wu,Alphaluna,TW,53541.0,Heroes of the Storm,Multiplayer Online Battle Arena,Taiwan
21419,Jiawei,Zhang,Kty,CN,52978.13,Heroes of the Storm,Multiplayer Online Battle Arena,China
28606,Jae Yeop,Jeong,Frankle,KR,50572.68,Heroes of the Storm,Multiplayer Online Battle Arena,Korea
31831,Gu,Junfeng,Wind,CN,50549.34,Heroes of the Storm,Multiplayer Online Battle Arena,China
11747,Martin,Rugh,Crozzby,DK,50545.96,Heroes of the Storm,Multiplayer Online Battle Arena,Denmark
48322,Jeong Yeong,Bak,Loki,KR,703953.94,PUBG,Battle Royale,Korea
43755,Jeong Wan,Go,ESTH3R,KR,610486.16,PUBG,Battle Royale,Korea
56720,Seung Hoon,Cha,Pio,KR,591248.41,PUBG,Battle Royale,Korea
43849,Tae Min,Kang,Taemin,KR,585598.46,PUBG,Battle Royale,Korea
43862,David,Tillberg,fuzzface,SE,344350.25,PUBG,Battle Royale,Sweden
43808,Anssi,Pekkonen,mxey,FI,341362.75,PUBG,Battle Royale,Finland
14768,Ivan,Kapustin,ubah,RU,325558.75,PUBG,Battle Royale,Russian Federation
14768,Ivan,Kapustin,ubah,RU,325558.75,PUBG,Battle Royale,Russian Federation
43816,Ludvik,Jahnsen,Aitzy,NO,282450.25,PUBG,Battle Royale,Norway
43807,Samu,Kauppinen,Sambty,FI,242483.15,PUBG,Battle Royale,Finland
45853,Jim,Eliassen,Jeemzz,NO,230595.65,PUBG,Battle Royale,Norway
45855,Jord,van Geldere,Ibiza,NL,229095.65,PUBG,Battle Royale,Netherlands
45733,Hao,Yao,lionkk,CN,205477.15,PUBG,Battle Royale,China
45586,Yan,Wang,silentBT_,CN,181549.66,PUBG,Battle Royale,China
47413,Jinhai,Zhang,xiaohaixxxx,CN,179906.29,PUBG,Battle Royale,China
11221,Zhen,Wei,GodV,CN,164612.66,PUBG,Battle Royale,China
45584,Liangguang,Liao,xiaorong,CN,163976.97,PUBG,Battle Royale,China
43809,Jere,Kauppinen,Jembty,FI,156140.25,PUBG,Battle Royale,Finland
32846,In Jae,Kim,EscA,KR,153763.01,PUBG,Battle Royale,Korea
45687,Jang Hwan,Seong,seongjang,KR,141342.32,PUBG,Battle Royale,Korea
46776,Do-hoon,Seol,indigo,KR,136120.04,PUBG,Battle Royale,Korea
31327,Su Yong,Jeong,kAyle,KR,135217.79,PUBG,Battle Royale,Korea
47493,Alex,Gouge,vard,GB,134614.01,PUBG,Battle Royale,United Kingdom of Great Britain & Northern Ireland
47491,Justin,McNally,MiracU,IE,133114.01,PUBG,Battle Royale,Ireland
43801,Magno,Ramos,Pr0phie,PH,131989.19,PUBG,Battle Royale,Philippines
48323,Min Ki,Kim,Chelator,KR,127042.27,PUBG,Battle Royale,Korea
41259,Keiron,Prescott,Scoom,GI,126204.51,PUBG,Battle Royale,Gibraltar
45412,Young Hoon,Shim,Simsn,KR,125722.18,PUBG,Battle Royale,Korea
53797,Zheng,Wu,Forever,CN,119560.82,PUBG,Battle Royale,China
47416,Xin,Wang,ZGGO1,CN,112482.56,PUBG,Battle Royale,China
48931,Roman,Zinoviev,ADOUZ1E,RU,106225.0,PUBG,Battle Royale,Russian Federation
48931,Roman,Zinoviev,ADOUZ1E,RU,106225.0,PUBG,Battle Royale,Russian Federation
73839,Daying,Wei,xxxLu,CN,105935.34,PUBG,Battle Royale,China
44865,Arsenii,Ivanychev,ceh9,RU,104675.0,PUBG,Battle Royale,Russian Federation
44865,Arsenii,Ivanychev,ceh9,RU,104675.0,PUBG,Battle Royale,Russian Federation
47489,Vadim,Ulshin,POKAMOLODOY,RU,104671.25,PUBG,Battle Royale,Russian Federation
47489,Vadim,Ulshin,POKAMOLODOY,RU,104671.25,PUBG,Battle Royale,Russian Federation
50402,Jong Ho,Lee,Starlord,KR,104576.9,PUBG,Battle Royale,Korea
46761,-,-,Menteul,KR,102114.43,PUBG,Battle Royale,Korea
50405,Rak Gwon,Chung,Hulk,KR,101243.57,PUBG,Battle Royale,Korea
60103,Do-hyun,Kim,Daengchae,KR,100930.84,PUBG,Battle Royale,Korea
49455,Hwan,Jang,Hwan2da,KR,98090.7,PUBG,Battle Royale,Korea
47492,Laurynas,Rudys,Gaxy,LT,94926.51,PUBG,Battle Royale,Lithuania
55316,Chuan,Yu,Summer,CN,86922.9,PUBG,Battle Royale,China
51774,Ömer,Develi,Iroh,TR,85243.75,PUBG,Battle Royale,Turkey
51774,Ömer,Develi,Iroh,TR,85243.75,PUBG,Battle Royale,Turkey
66881,Luke,Newey,Luke12,AU,79049.82,PUBG,Battle Royale,Australia
57401,Andrey,Ionov,Bestoloch,RU,78800.0,PUBG,Battle Royale,Russian Federation
57401,Andrey,Ionov,Bestoloch,RU,78800.0,PUBG,Battle Royale,Russian Federation
49801,Kang,Wang,shou,CN,78178.8,PUBG,Battle Royale,China
49802,Jiang Hua,Chen,shox,CN,78178.8,PUBG,Battle Royale,China
45408,-,-,BBABBO,KR,75125.32,PUBG,Battle Royale,Korea
43752,Jae Hyun,Han,SexyPIG,KR,74885.91,PUBG,Battle Royale,Korea
43797,Romain,Hermann,Shiv,FR,74811.76,PUBG,Battle Royale,France
48377,Damien,Valliant,Dahmien7,FR,71349.2,PUBG,Battle Royale,France
43754,Kyung Chul,Oh,style,KR,70101.26,PUBG,Battle Royale,Korea
50364,Bo Hyun,Kim,YaKK,KR,67744.43,PUBG,Battle Royale,Korea
69545,Qicheng,Chen,BoLiang,CN,67742.92,PUBG,Battle Royale,China
69546,Xin,Lin,L1nnnn,CN,67742.92,PUBG,Battle Royale,China
69547,Ruilong,Deng,LongSkr,CN,67742.92,PUBG,Battle Royale,China
74025,Do-gyeong,Kim,DoYa,KR,67687.33,PUBG,Battle Royale,Korea
48695,Gustav,Blønd,GustavQQ,DK,66517.5,PUBG,Battle Royale,Denmark
69544,Bohang,Li,JiaoYang,CN,64373.86,PUBG,Battle Royale,China
49806,-,-,Tide,CN,64304.93,PUBG,Battle Royale,China
50410,-,-,DG98,KR,64255.11,PUBG,Battle Royale,Korea
49144,Yu-Ze,Sun,CPT,CN,63636.03,PUBG,Battle Royale,China
43810,Adrian,Blom,Haxete,SE,62654.51,PUBG,Battle Royale,Sweden
66526,-,-,DouM,CN,62114.15,PUBG,Battle Royale,China
66527,-,-,DJBOY,CN,62114.15,PUBG,Battle Royale,China
47494,Mathias,Larsen,Larsen,DK,61350.0,PUBG,Battle Royale,Denmark
45403,Hyun Woo,Yoon,yoonroot,KR,59165.88,PUBG,Battle Royale,Korea
51402,Hữu Đoàn,Nguyễn,Leviz,VN,58725.83,PUBG,Battle Royale,Vietnam
48134,-,-,LinShuNN,CN,58710.01,PUBG,Battle Royale,China
41249,Alexey,Trufanov,0nuqtive,RU,58458.75,PUBG,Battle Royale,Russian Federation
41249,Alexey,Trufanov,0nuqtive,RU,58458.75,PUBG,Battle Royale,Russian Federation
48124,Xin-hao,Pan,BaoLeiNB,CN,58381.6,PUBG,Battle Royale,China
48125,Pengcheng,Wang,jiaozhu,CN,57157.65,PUBG,Battle Royale,China
48122,Boyuan,Wang,Wang88,CN,56537.65,PUBG,Battle Royale,China
47151,Gil Do,Lee,Temeria,KR,56496.7,PUBG,Battle Royale,Korea
39822,-,-,Qmccc,CN,55099.91,PUBG,Battle Royale,China
55685,-,-,Dongdong,CN,50678.6,PUBG,Battle Royale,China
49460,Seung Sun,Lee,shadow,KR,50137.37,PUBG,Battle Royale,Korea
48935,Magnus,Hartmann,udyRR,DE,49761.3,PUBG,Battle Royale,Germany
48938,René,Rehling,Braexco,DE,49471.55,PUBG,Battle Royale,Germany
48874,Michael,Wake,mykLe,GB,49287.5,PUBG,Battle Royale,United Kingdom of Great Britain & Northern Ireland
56973,-,-,067QAQ,CN,48617.5,PUBG,Battle Royale,China
45682,-,-,Makne,KR,48503.23,PUBG,Battle Royale,Korea
63566,Katanyu,Chinsorranan,DUCKMANZ,TH,47602.61,PUBG,Battle Royale,Thailand
35048,Sebastian,Berendt,BALLOC,DK,47090.0,PUBG,Battle Royale,Denmark
60467,Zhengzheng,Chen,Cat,CN,465685.85,Arena of Valor,Multiplayer Online Battle Arena,China
60565,Guixin,Guo,NuoYan,CN,416162.04,Arena of Valor,Multiplayer Online Battle Arena,China
60485,Tianlong,Wang,Alan,CN,399019.18,Arena of Valor,Multiplayer Online Battle Arena,China
70610,Siyuan,Luo,HuaHai,CN,399019.18,Arena of Valor,Multiplayer Online Battle Arena,China
70611,Cong,Zhang,Wuming,CN,399019.18,Arena of Valor,Multiplayer Online Battle Arena,China
53977,Xuân Bách,Trần,XB,VN,152734.63,Arena of Valor,Multiplayer Online Battle Arena,Vietnam
53981,Quang Hiệp,Trần,ProE,VN,143598.03,Arena of Valor,Multiplayer Online Battle Arena,Vietnam
5812,Sanpett,Marat,FirstOne,TH,135749.99,Arena of Valor,Multiplayer Online Battle Arena,Thailand
60417,Yunfei,Peng,Fly,CN,133558.02,Arena of Valor,Multiplayer Online Battle Arena,China
60418,Shengqqin,Xia,Hurt,CN,133558.02,Arena of Valor,Multiplayer Online Battle Arena,China
60451,Đức Chiến,Trần,ADC,VN,133380.96,Arena of Valor,Multiplayer Online Battle Arena,Vietnam
53986,Hồng Quân,Phạm,Gau,VN,131670.38,Arena of Valor,Multiplayer Online Battle Arena,Vietnam
37261,Sorawichaya,Mahavanakul,Isilindilz,TH,131425.77,Arena of Valor,Multiplayer Online Battle Arena,Thailand
54014,Chun Sheng,Chang,Neil,TW,125644.94,Arena of Valor,Multiplayer Online Battle Arena,Taiwan
60452,Tiến Đạt,Đinh,ĐạtKòiii,VN,122860.21,Arena of Valor,Multiplayer Online Battle Arena,Vietnam
37259,Vatcharanan,Thaworn,Summer,TH,122693.28,Arena of Valor,Multiplayer Online Battle Arena,Thailand
53998,Chang Hoon,Shin,JJak,KR,122650.01,Arena of Valor,Multiplayer Online Battle Arena,Korea
68651,-,-,Nutalomlok,TH,118657.27,Arena of Valor,Multiplayer Online Battle Arena,Thailand
53996,Ho Yeon,Lee,Rush,KR,117894.7,Arena of Valor,Multiplayer Online Battle Arena,Korea
54013,Chou,Chung,Yuzon,TW,115644.94,Arena of Valor,Multiplayer Online Battle Arena,Taiwan
60450,Ting Jui,Chen,Winds,TW,113262.7,Arena of Valor,Multiplayer Online Battle Arena,Taiwan
53999,Do Yeop,Kim,HAK,KR,111710.36,Arena of Valor,Multiplayer Online Battle Arena,Korea
53995,Sun Woo,Kim,Sun,KR,111582.45,Arena of Valor,Multiplayer Online Battle Arena,Korea
54015,Nsu Yu,Lin,Star,TW,110644.94,Arena of Valor,Multiplayer Online Battle Arena,Taiwan
54016,Chien Ting,Chen,Benny,TW,110644.94,Arena of Valor,Multiplayer Online Battle Arena,Taiwan
60420,-,-,Song,CN,108311.67,Arena of Valor,Multiplayer Online Battle Arena,China
10995,Chayut,Suebka,007x,TH,98723.19,Arena of Valor,Multiplayer Online Battle Arena,Thailand
60454,Parit,Pornrattanapitak,Difoxn,TH,90798.66,Arena of Valor,Multiplayer Online Battle Arena,Thailand
60434,-,-,770,CN,89669.63,Arena of Valor,Multiplayer Online Battle Arena,China
54458,Eikapong,Korhonen,Tony,TH,86881.37,Arena of Valor,Multiplayer Online Battle Arena,Thailand
60466,-,-,Snow,CN,86666.67,Arena of Valor,Multiplayer Online Battle Arena,China
54454,Siwa,Noomai,JOMWick,TH,74492.23,Arena of Valor,Multiplayer Online Battle Arena,Thailand
53997,Hyung Min,Kim,Chaser,KR,71604.67,Arena of Valor,Multiplayer Online Battle Arena,Korea
60468,-,-,YANG,CN,66666.67,Arena of Valor,Multiplayer Online Battle Arena,China
70307,-,-,行星,CN,65922.73,Arena of Valor,Multiplayer Online Battle Arena,China
70308,-,-,轻雨,CN,65922.73,Arena of Valor,Multiplayer Online Battle Arena,China
70309,-,-,久龙,CN,65922.73,Arena of Valor,Multiplayer Online Battle Arena,China
70310,-,-,北岛,CN,65922.73,Arena of Valor,Multiplayer Online Battle Arena,China
70311,-,-,暮色,CN,65922.73,Arena of Valor,Multiplayer Online Battle Arena,China
70312,-,-,久诚,CN,65922.73,Arena of Valor,Multiplayer Online Battle Arena,China
70313,-,-,月色,CN,65922.73,Arena of Valor,Multiplayer Online Battle Arena,China
70314,-,-,柠栀,CN,65922.73,Arena of Valor,Multiplayer Online Battle Arena,China
70315,-,-,最初,CN,65922.73,Arena of Valor,Multiplayer Online Battle Arena,China
70316,-,-,尘夏,CN,65922.73,Arena of Valor,Multiplayer Online Battle Arena,China
70317,-,-,阿可,CN,65922.73,Arena of Valor,Multiplayer Online Battle Arena,China
60455,Metasit,Leelapipatkul,Moowan,TH,61228.35,Arena of Valor,Multiplayer Online Battle Arena,Thailand
78285,Satittirat,Chetnarong,Overfly,TH,58200.95,Arena of Valor,Multiplayer Online Battle Arena,Thailand
60412,-,-,NingZhi,CN,58160.23,Arena of Valor,Multiplayer Online Battle Arena,China
60413,-,-,JiuLong,CN,58160.23,Arena of Valor,Multiplayer Online Battle Arena,China
60414,-,-,JiuC,CN,58160.23,Arena of Valor,Multiplayer Online Battle Arena,China
60415,-,-,ChenXia,CN,58160.23,Arena of Valor,Multiplayer Online Battle Arena,China
60416,-,-,ZuiChu,CN,58160.23,Arena of Valor,Multiplayer Online Battle Arena,China
60456,Sorachat,Janechaijitravanit,Getsrch,TH,57378.78,Arena of Valor,Multiplayer Online Battle Arena,Thailand
68648,-,-,BLUENOPING,TH,56270.18,Arena of Valor,Multiplayer Online Battle Arena,Thailand
36696,Kawee,Wachiraphas,MeMarkz,TH,55685.67,Arena of Valor,Multiplayer Online Battle Arena,Thailand
18456,Pakinai,Srivijarn,kSsA,TH,54159.21,Arena of Valor,Multiplayer Online Battle Arena,Thailand
16556,Sorawat,Boonphrom,Moss,TH,54156.23,Arena of Valor,Multiplayer Online Battle Arena,Thailand
54034,Piyapong,Proathaisong,Taoz,TH,52118.54,Arena of Valor,Multiplayer Online Battle Arena,Thailand
16554,Patara,Bhatarabhirom,Cherie,TH,51203.24,Arena of Valor,Multiplayer Online Battle Arena,Thailand
9916,Nutdanai,Rungruang,MrSunz,TH,47549.95,Arena of Valor,Multiplayer Online Battle Arena,Thailand
70622,-,-,Giao,CN,46891.35,Arena of Valor,Multiplayer Online Battle Arena,China
69659,-,-,Munez,TH,46641.1,Arena of Valor,Multiplayer Online Battle Arena,Thailand
79580,Pasu,Yensabai,Erez,TH,46258.63,Arena of Valor,Multiplayer Online Battle Arena,Thailand
60453,Methus,Meechom,Nt,TH,45995.54,Arena of Valor,Multiplayer Online Battle Arena,Thailand
54011,Sirichai,Sukpan,ReMix,TH,44916.44,Arena of Valor,Multiplayer Online Battle Arena,Thailand
79579,Pakkapon,Saethong,IpodPro,TH,44591.96,Arena of Valor,Multiplayer Online Battle Arena,Thailand
78046,-,-,Mojo,CN,43264.58,Arena of Valor,Multiplayer Online Battle Arena,China
53970,-,-,Chichi,TW,42482.43,Arena of Valor,Multiplayer Online Battle Arena,Taiwan
53971,-,-,Genji,TW,42482.43,Arena of Valor,Multiplayer Online Battle Arena,Taiwan
53972,-,-,Hanzo,TW,42482.43,Arena of Valor,Multiplayer Online Battle Arena,Taiwan
53973,-,-,Liang,TW,42482.43,Arena of Valor,Multiplayer Online Battle Arena,Taiwan
53974,-,-,Sirenia,TW,42482.43,Arena of Valor,Multiplayer Online Battle Arena,Taiwan
54012,Denchai,Eampaojeen,JameCo,TH,41144.36,Arena of Valor,Multiplayer Online Battle Arena,Thailand
75020,Aum,Chatchanapong,Happy,TH,40376.87,Arena of Valor,Multiplayer Online Battle Arena,Thailand
60463,Hsing Cheng,Lu,Heroes,TW,38892.33,Arena of Valor,Multiplayer Online Battle Arena,Taiwan
60570,-,-,六点六,CN,36171.67,Arena of Valor,Multiplayer Online Battle Arena,China
60571,-,-,小兽,CN,36171.67,Arena of Valor,Multiplayer Online Battle Arena,China
60572,-,-,小剑,CN,36171.67,Arena of Valor,Multiplayer Online Battle Arena,China
60573,-,-,居居,CN,36171.67,Arena of Valor,Multiplayer Online Battle Arena,China
60437,-,-,Core,KR,35049.38,Arena of Valor,Multiplayer Online Battle Arena,Korea
53976,-,-,PS Man,VN,34811.67,Arena of Valor,Multiplayer Online Battle Arena,Vietnam
60462,Chi Kang,Chuang,XiXi,TW,33892.33,Arena of Valor,Multiplayer Online Battle Arena,Taiwan
60464,Sung Lin,Hsieh,Wayn,TW,33892.33,Arena of Valor,Multiplayer Online Battle Arena,Taiwan
53975,-,-,Lulala,TW,33333.33,Arena of Valor,Multiplayer Online Battle Arena,Taiwan
1297,Hyo Jong,Kim,horror,KR,31489.38,Arena of Valor,Multiplayer Online Battle Arena,Korea
60438,-,-,JY,KR,31489.38,Arena of Valor,Multiplayer Online Battle Arena,Korea
60439,-,-,YK,KR,29676.0,Arena of Valor,Multiplayer Online Battle Arena,Korea
78151,-,-,Xuan,MY,28860.0,Arena of Valor,Multiplayer Online Battle Arena,Malaysia
60436,-,-,Sweet,KR,28816.0,Arena of Valor,Multiplayer Online Battle Arena,Korea
54450,Chanapol,Siri,Sky,TH,28083.35,Arena of Valor,Multiplayer Online Battle Arena,Thailand
60430,-,-,KOKO,CN,27580.07,Arena of Valor,Multiplayer Online Battle Arena,China
21212,Chattrakarn,Parichatkun,Erl2oR,TH,27074.4,Arena of Valor,Multiplayer Online Battle Arena,Thailand
78152,-,-,Chen,CN,26695.5,Arena of Valor,Multiplayer Online Battle Arena,China
83083,Yu-Yan,Su,GaDuo,TW,26666.67,Arena of Valor,Multiplayer Online Battle Arena,Taiwan
83084,Tseng-Yung,Chun,Kato,TW,26666.67,Arena of Valor,Multiplayer Online Battle Arena,Taiwan
83085,En Hao,Chen,Gua,TW,26666.67,Arena of Valor,Multiplayer Online Battle Arena,Taiwan
70343,-,-,Rain,TW,26645.0,Arena of Valor,Multiplayer Online Battle Arena,Taiwan
12241,Komklit,Wongsawat,O7T-V1,TH,25941.03,Arena of Valor,Multiplayer Online Battle Arena,Thailand
69797,-,-,139,CN,24171.67,Arena of Valor,Multiplayer Online Battle Arena,China
7517,Thijs,Molendijk,Thijs,NL,491418.66,Hearthstone,Collectible Card Game,Netherlands
11132,Wei Lin,Chen,tom60229,TW,442877.87,Hearthstone,Collectible Card Game,Taiwan
17887,Pavel,Beltiukov,Pavel,RU,347798.0,Hearthstone,Collectible Card Game,Russian Federation
17887,Pavel,Beltiukov,Pavel,RU,347798.0,Hearthstone,Collectible Card Game,Russian Federation
39487,Casper,Notto,Hunterace,NO,341931.16,Hearthstone,Collectible Card Game,Norway
10605,Jung Soo,Kim,Surrender,KR,316781.57,Hearthstone,Collectible Card Game,Korea
28337,Raphael,Peltzer,BunnyHoppor,DE,312987.23,Hearthstone,Collectible Card Game,Germany
30870,Bin,Zhou,Jasonzhou,CN,296734.75,Hearthstone,Collectible Card Game,China
30871,-,-,XHope,CN,293345.18,Hearthstone,Collectible Card Game,China
14151,Jon,Westberg,Orange,SE,291115.88,Hearthstone,Collectible Card Game,Sweden
9886,Aleksandr,Malsh,Kolento,UA,273654.46,Hearthstone,Collectible Card Game,Ukraine
47080,Sato,Kenta,glory,JP,238550.0,Hearthstone,Collectible Card Game,Japan
45851,Xiao Meng,Li,Liooon,CN,238010.0,Hearthstone,Collectible Card Game,China
32352,Torben,Wahl,Viper,DE,227550.0,Hearthstone,Collectible Card Game,Germany
28333,Artem,Kravets',DrHippi,UA,210416.67,Hearthstone,Collectible Card Game,Ukraine
8377,Dima,Radu,Rdu,RO,204049.56,Hearthstone,Collectible Card Game,Romania
28468,Euneil,Javiñas,Staz,PH,193860.89,Hearthstone,Collectible Card Game,Philippines
16026,Frederik Høj,Nielsen,Hoej,DK,171767.15,Hearthstone,Collectible Card Game,Denmark
28107,Vladislav,Sinotov,SilverName,RU,170027.04,Hearthstone,Collectible Card Game,Russian Federation
28107,Vladislav,Sinotov,SilverName,RU,170027.04,Hearthstone,Collectible Card Game,Russian Federation
12110,Xieyu,Wang,Tiddler Celestial,CN,165348.34,Hearthstone,Collectible Card Game,China
29758,Jaromír,Vyskočil,Jarla,CZ,162017.51,Hearthstone,Collectible Card Game,Czech Republic
7525,Sebastian,Bentert,Xixo,DE,156103.11,Hearthstone,Collectible Card Game,Germany
39983,Kaan,Çekli,Fujitora,TR,155778.27,Hearthstone,Collectible Card Game,Turkey
39983,Kaan,Çekli,Fujitora,TR,155778.27,Hearthstone,Collectible Card Game,Turkey
7520,Sebastian,Engwall,Ostkaka,SE,153199.92,Hearthstone,Collectible Card Game,Sweden
28238,Lin,Zheng,OmegaZero,CN,139425.79,Hearthstone,Collectible Card Game,China
10950,Adrian,Koy,Lifecoach,DE,136530.19,Hearthstone,Collectible Card Game,Germany
17274,Hyun Jae,Jang,Dawn,KR,135189.54,Hearthstone,Collectible Card Game,Korea
33382,Cheon Su,Kim,Che0nsu,KR,133715.0,Hearthstone,Collectible Card Game,Korea
61463,Guan,Zhendong,Jing,CN,131560.0,Hearthstone,Collectible Card Game,China
43782,-,-,Leaoh,CN,125458.59,Hearthstone,Collectible Card Game,China
14549,Bohan,Zhang,Lovelychook,CN,122179.36,Hearthstone,Collectible Card Game,China
30003,Kevin,Eberlein,Casie,DE,121712.5,Hearthstone,Collectible Card Game,Germany
35958,Théo,Dumont,Felkeine,FR,121255.92,Hearthstone,Collectible Card Game,France
11589,Eugene,Shumilin,Neirea,UA,121248.17,Hearthstone,Collectible Card Game,Ukraine
22550,Alexey,Barsukov,ShtanUdachi,RU,117466.67,Hearthstone,Collectible Card Game,Russian Federation
22550,Alexey,Barsukov,ShtanUdachi,RU,117466.67,Hearthstone,Collectible Card Game,Russian Federation
12141,Bo,Li,LiBo,CN,100759.37,Hearthstone,Collectible Card Game,China
17271,Il Mook,Kang,handsomeguy,KR,97479.0,Hearthstone,Collectible Card Game,Korea
14270,Shengyuan,Luo,Roger,TW,96719.1,Hearthstone,Collectible Card Game,Taiwan
30561,Chris,Tsakopoulos,Fenomeno,GR,94073.0,Hearthstone,Collectible Card Game,Greece
43794,Juwei,Wu,XiaoT,CN,89346.12,Hearthstone,Collectible Card Game,China
37063,Tsu Lin,Tsao,SamuelTsao,TW,89250.0,Hearthstone,Collectible Card Game,Taiwan
23558,Kacper,Kwieciński,A83650,PL,87636.14,Hearthstone,Collectible Card Game,Poland
50884,Zong Chang,Wu,BloodTrail,TW,86250.0,Hearthstone,Collectible Card Game,Taiwan
45830,Wataru,Ishibashi,posesi,JP,84196.0,Hearthstone,Collectible Card Game,Japan
47728,Zakarya,Hail,xBlyzes,FR,83373.91,Hearthstone,Collectible Card Game,France
30167,Francisco,Leimontas,PNC,AR,82409.24,Hearthstone,Collectible Card Game,Argentina
33663,Tsz Kin,Lo,kin0531,HK,81932.0,Hearthstone,Collectible Card Game,Hong Kong
25983,George,Webb,BoarControl,GB,80924.07,Hearthstone,Collectible Card Game,United Kingdom of Great Britain & Northern Ireland
15615,Ole,Batyrbekov,Naiman,KZ,79671.53,Hearthstone,Collectible Card Game,Kazakhstan
15615,Ole,Batyrbekov,Naiman,KZ,79671.53,Hearthstone,Collectible Card Game,Kazakhstan
39850,Tyler,Hoang Nguyen,Tylerootd,NL,78375.0,Hearthstone,Collectible Card Game,Netherlands
25030,Jan,Janßen,SuperJJ,DE,77943.68,Hearthstone,Collectible Card Game,Germany
50877,Yashima,Nozomi,Alutemu,JP,76675.0,Hearthstone,Collectible Card Game,Japan
33858,Thomas,Zimmer,Sintolol,DE,76346.78,Hearthstone,Collectible Card Game,Germany
33381,Songyang,Zhao,Hamster,CN,74382.47,Hearthstone,Collectible Card Game,China
15703,Facu,Pruzzo,Nalguidan,AR,70750.0,Hearthstone,Collectible Card Game,Argentina
17263,Chen,Yuxiang,Breath,CN,69487.73,Hearthstone,Collectible Card Game,China
61464,-,-,Yueying,CN,68162.5,Hearthstone,Collectible Card Game,China
71040,Jack,Bancroft,DeadDraw,GB,67950.0,Hearthstone,Collectible Card Game,United Kingdom of Great Britain & Northern Ireland
15803,Stanislav,Cifka,StanCifka,CZ,67096.88,Hearthstone,Collectible Card Game,Czech Republic
12108,Baek,Hak Jun,Kranich,KR,66835.51,Hearthstone,Collectible Card Game,Korea
12107,Hyun Soo,Cho,Flurry,KR,66730.8,Hearthstone,Collectible Card Game,Korea
49179,Martin,Prête,Zhym,FR,65702.33,Hearthstone,Collectible Card Game,France
21541,Louis,Bremers,Mitsuhide,NL,64140.31,Hearthstone,Collectible Card Game,Netherlands
8376,Jason,Chan,Amaz,HK,62704.15,Hearthstone,Collectible Card Game,Hong Kong
7398,Jan,Palys,Ek0p,DE,60165.48,Hearthstone,Collectible Card Game,Germany
12083,Xiao,Feng,Icefox,CN,59309.9,Hearthstone,Collectible Card Game,China
28465,Sang Hyeon,Baek,DDaHyoNi,KR,58436.0,Hearthstone,Collectible Card Game,Korea
32353,Chun Pong,Ng,Yulsic,HK,54812.0,Hearthstone,Collectible Card Game,Hong Kong
13968,Li,Heyang,Sword,CN,54320.72,Hearthstone,Collectible Card Game,China
21254,Simon,Raunholst,Crane,DK,53526.12,Hearthstone,Collectible Card Game,Denmark
38798,-,-,Trunks,CN,51231.7,Hearthstone,Collectible Card Game,China
8321,Petar,Stevanovic,Gaara,DE,51059.59,Hearthstone,Collectible Card Game,Germany
7400,Janne,Mikkonen,Savjz,FI,50734.44,Hearthstone,Collectible Card Game,Finland
49164,Simone,Liguori,Leta,IT,49300.0,Hearthstone,Collectible Card Game,Italy
1100,Jeffrey,Brusi,SjoW,SE,47973.61,Hearthstone,Collectible Card Game,Sweden
